This is XeTeX, Version 3.141592653-2.6-0.999997 (TeX Live 2025) (preloaded format=xelatex 2025.4.17)  21 JUL 2026 16:31
entering extended mode
 restricted \write18 enabled.
 %&-line parsing enabled.
**Thesis.tex
(./Thesis.tex
LaTeX2e <2024-11-01> patch level 2
L3 programming layer <2025-01-18>
(/usr/local/texlive/2025/texmf-dist/tex/latex/base/book.cls
Document Class: book 2024/06/29 v1.4n Standard LaTeX document class
(/usr/local/texlive/2025/texmf-dist/tex/latex/base/bk12.clo
File: bk12.clo 2024/06/29 v1.4n Standard LaTeX file (size option)
)
\c@part=\count192
\c@chapter=\count193
\c@section=\count194
\c@subsection=\count195
\c@subsubsection=\count196
\c@paragraph=\count197
\c@subparagraph=\count198
\c@figure=\count199
\c@table=\count266
\abovecaptionskip=\skip49
\belowcaptionskip=\skip50
\bibindent=\dimen141
)
(/usr/local/texlive/2025/texmf-dist/tex/latex/fontspec/fontspec.sty
(/usr/local/texlive/2025/texmf-dist/tex/latex/l3packages/xparse/xparse.sty
(/usr/local/texlive/2025/texmf-dist/tex/latex/l3kernel/expl3.sty
Package: expl3 2025-01-18 L3 programming layer (loader) 

(/usr/local/texlive/2025/texmf-dist/tex/latex/l3backend/l3backend-xetex.def
File: l3backend-xetex.def 2024-05-08 L3 backend support: XeTeX
\g__graphics_track_int=\count267
\l__pdf_internal_box=\box52
\g__pdf_backend_annotation_int=\count268
\g__pdf_backend_link_int=\count269
))
Package: xparse 2024-08-16 L3 Experimental document command parser
)
Package: fontspec 2024/05/11 v2.9e Font selection for XeLaTeX and LuaLaTeX

(/usr/local/texlive/2025/texmf-dist/tex/latex/fontspec/fontspec-xetex.sty
Package: fontspec-xetex 2024/05/11 v2.9e Font selection for XeLaTeX and LuaLaTe
X
\l__fontspec_script_int=\count270
\l__fontspec_language_int=\count271
\l__fontspec_strnum_int=\count272
\l__fontspec_tmp_int=\count273
\l__fontspec_tmpa_int=\count274
\l__fontspec_tmpb_int=\count275
\l__fontspec_tmpc_int=\count276
\l__fontspec_em_int=\count277
\l__fontspec_emdef_int=\count278
\l__fontspec_strong_int=\count279
\l__fontspec_strongdef_int=\count280
\l__fontspec_tmpa_dim=\dimen142
\l__fontspec_tmpb_dim=\dimen143
\l__fontspec_tmpc_dim=\dimen144

(/usr/local/texlive/2025/texmf-dist/tex/latex/base/fontenc.sty
Package: fontenc 2021/04/29 v2.0v Standard LaTeX package
)
(/usr/local/texlive/2025/texmf-dist/tex/latex/fontspec/fontspec.cfg)))

Package fontspec Info: 
(fontspec)             Font family 'Arial(0)' created for font 'Arial' with
(fontspec)             options [Ligatures=TeX].
(fontspec)              
(fontspec)              This font family consists of the following NFSS
(fontspec)             series/shapes:
(fontspec)              
(fontspec)             - 'normal' (m/n) with NFSS spec.:
(fontspec)             <->"Arial/OT:script=latn;language=dflt;mapping=tex-text;
"
(fontspec)             - 'bold' (b/n) with NFSS spec.:
(fontspec)             <->"Arial/B/OT:script=latn;language=dflt;mapping=tex-tex
t;"
(fontspec)             - 'italic' (m/it) with NFSS spec.:
(fontspec)             <->"Arial/I/OT:script=latn;language=dflt;mapping=tex-tex
t;"
(fontspec)             - 'bold italic' (b/it) with NFSS spec.:
(fontspec)             <->"Arial/BI/OT:script=latn;language=dflt;mapping=tex-te
xt;"


(/usr/local/texlive/2025/texmf-dist/tex/generic/babel/babel.sty
Package: babel 2025/02/14 v25.4 The multilingual framework for pdfLaTeX, LuaLaT
eX and XeLaTeX
\babel@savecnt=\count281
\U@D=\dimen145
\l@unhyphenated=\language90

(/usr/local/texlive/2025/texmf-dist/tex/generic/babel/xebabel.def)
\bbl@readstream=\read2
\bbl@dirlevel=\count282

(/usr/local/texlive/2025/texmf-dist/tex/generic/babel-english/UKenglish.ldf
Language: UKenglish 2017/06/06 v3.3r English support from the babel system

(/usr/local/texlive/2025/texmf-dist/tex/generic/babel-english/english.ldf
Language: english 2017/06/06 v3.3r English support from the babel system
Package babel Info: Hyphen rules for 'canadian' set to \l@english
(babel)             (\language0). Reported on input line 102.
Package babel Info: Hyphen rules for 'australian' set to \l@ukenglish
(babel)             (\language22). Reported on input line 105.
Package babel Info: Hyphen rules for 'newzealand' set to \l@ukenglish
(babel)             (\language22). Reported on input line 108.
)))
(/usr/local/texlive/2025/texmf-dist/tex/generic/babel/locale/en/babel-ukenglish
.tex
Package babel Info: Importing font and identification data for UKenglish
(babel)             from babel-en-GB.ini. Reported on input line 11.
) (/usr/local/texlive/2025/texmf-dist/tex/latex/csquotes/csquotes.sty
Package: csquotes 2024-04-04 v5.2o context-sensitive quotations (JAW)

(/usr/local/texlive/2025/texmf-dist/tex/latex/etoolbox/etoolbox.sty
Package: etoolbox 2025/02/11 v2.5l e-TeX tools for LaTeX (JAW)
\etb@tempcnta=\count283
)
(/usr/local/texlive/2025/texmf-dist/tex/latex/graphics/keyval.sty
Package: keyval 2022/05/29 v1.15 key=value parser (DPC)
\KV@toks@=\toks17
)
\csq@reset=\count284
\csq@gtype=\count285
\csq@glevel=\count286
\csq@qlevel=\count287
\csq@maxlvl=\count288
\csq@tshold=\count289
\csq@ltx@everypar=\toks18

(/usr/local/texlive/2025/texmf-dist/tex/latex/csquotes/csquotes.def
File: csquotes.def 2024-04-04 v5.2o csquotes generic definitions (JAW)
)
Package csquotes Info: Trying to load configuration file 'csquotes.cfg'...
Package csquotes Info: ... configuration file loaded successfully.

(/usr/local/texlive/2025/texmf-dist/tex/latex/csquotes/csquotes.cfg
File: csquotes.cfg 
))
(/usr/local/texlive/2025/texmf-dist/tex/latex/adjustbox/adjustbox.sty
Package: adjustbox 2025/02/26 v1.3c Adjusting TeX boxes (trim, clip, ...)

(/usr/local/texlive/2025/texmf-dist/tex/latex/xkeyval/xkeyval.sty
Package: xkeyval 2022/06/16 v2.9 package option processing (HA)

(/usr/local/texlive/2025/texmf-dist/tex/generic/xkeyval/xkeyval.tex
(/usr/local/texlive/2025/texmf-dist/tex/generic/xkeyval/xkvutils.tex
\XKV@toks=\toks19
\XKV@tempa@toks=\toks20
)
\XKV@depth=\count290
File: xkeyval.tex 2014/12/03 v2.7a key=value parser (HA)
))
(/usr/local/texlive/2025/texmf-dist/tex/latex/adjustbox/adjcalc.sty
Package: adjcalc 2012/05/16 v1.1 Provides advanced setlength with multiple back
-ends (calc, etex, pgfmath)
)
(/usr/local/texlive/2025/texmf-dist/tex/latex/adjustbox/trimclip.sty
Package: trimclip 2025/02/21 v1.2a Trim and clip general TeX material

(/usr/local/texlive/2025/texmf-dist/tex/latex/graphics/graphicx.sty
Package: graphicx 2021/09/16 v1.2d Enhanced LaTeX Graphics (DPC,SPQR)

(/usr/local/texlive/2025/texmf-dist/tex/latex/graphics/graphics.sty
Package: graphics 2024/08/06 v1.4g Standard LaTeX Graphics (DPC,SPQR)

(/usr/local/texlive/2025/texmf-dist/tex/latex/graphics/trig.sty
Package: trig 2023/12/02 v1.11 sin cos tan (DPC)
)
(/usr/local/texlive/2025/texmf-dist/tex/latex/graphics-cfg/graphics.cfg
File: graphics.cfg 2016/06/04 v1.11 sample graphics configuration
)
Package graphics Info: Driver file: xetex.def on input line 106.

(/usr/local/texlive/2025/texmf-dist/tex/latex/graphics-def/xetex.def
File: xetex.def 2022/09/22 v5.0n Graphics/color driver for xetex
))
\Gin@req@height=\dimen146
\Gin@req@width=\dimen147
)
(/usr/local/texlive/2025/texmf-dist/tex/latex/collectbox/collectbox.sty
Package: collectbox 2022/10/17 v0.4c Collect macro arguments as boxes
\collectedbox=\box53
)
\tc@llx=\dimen148
\tc@lly=\dimen149
\tc@urx=\dimen150
\tc@ury=\dimen151
Package trimclip Info: Using driver 'tc-xetex.def'.

(/usr/local/texlive/2025/texmf-dist/tex/latex/adjustbox/tc-xetex.def
File: tc-xetex.def 2019/01/04 v2.2 Clipping driver for xetex
))
\adjbox@Width=\dimen152
\adjbox@Height=\dimen153
\adjbox@Depth=\dimen154
\adjbox@Totalheight=\dimen155
\adjbox@pwidth=\dimen156
\adjbox@pheight=\dimen157
\adjbox@pdepth=\dimen158
\adjbox@ptotalheight=\dimen159

(/usr/local/texlive/2025/texmf-dist/tex/latex/ifoddpage/ifoddpage.sty
Package: ifoddpage 2022/10/18 v1.2 Conditionals for odd/even page detection
\c@checkoddpage=\count291
)
(/usr/local/texlive/2025/texmf-dist/tex/latex/varwidth/varwidth.sty
Package: varwidth 2009/03/30 ver 0.92;  Variable-width minipages
\@vwid@box=\box54
\sift@deathcycles=\count292
\@vwid@loff=\dimen160
\@vwid@roff=\dimen161
))
(/usr/local/texlive/2025/texmf-dist/tex/latex/biblatex/biblatex.sty
Package: biblatex 2024/03/21 v3.20 programmable bibliographies (PK/MW)

(/usr/local/texlive/2025/texmf-dist/tex/generic/pdftexcmds/pdftexcmds.sty
Package: pdftexcmds 2020-06-27 v0.33 Utility functions of pdfTeX for LuaTeX (HO
)

(/usr/local/texlive/2025/texmf-dist/tex/generic/infwarerr/infwarerr.sty
Package: infwarerr 2019/12/03 v1.5 Providing info/warning/error messages (HO)
)
(/usr/local/texlive/2025/texmf-dist/tex/generic/iftex/iftex.sty
Package: iftex 2024/12/12 v1.0g TeX engine tests
)
(/usr/local/texlive/2025/texmf-dist/tex/generic/ltxcmds/ltxcmds.sty
Package: ltxcmds 2023-12-04 v1.26 LaTeX kernel commands for general use (HO)
)
Package pdftexcmds Info: \pdf@primitive is available.
Package pdftexcmds Info: \pdf@ifprimitive is available.
Package pdftexcmds Info: \pdfdraftmode not found.
)
(/usr/local/texlive/2025/texmf-dist/tex/latex/kvoptions/kvoptions.sty
Package: kvoptions 2022-06-15 v3.15 Key value format for package options (HO)

(/usr/local/texlive/2025/texmf-dist/tex/latex/kvsetkeys/kvsetkeys.sty
Package: kvsetkeys 2022-10-05 v1.19 Key value parser (HO)
))
(/usr/local/texlive/2025/texmf-dist/tex/latex/logreq/logreq.sty
Package: logreq 2010/08/04 v1.0 xml request logger
\lrq@indent=\count293

(/usr/local/texlive/2025/texmf-dist/tex/latex/logreq/logreq.def
File: logreq.def 2010/08/04 v1.0 logreq spec v1.0
))
(/usr/local/texlive/2025/texmf-dist/tex/latex/base/ifthen.sty
Package: ifthen 2024/03/16 v1.1e Standard LaTeX ifthen package (DPC)
)
(/usr/local/texlive/2025/texmf-dist/tex/latex/url/url.sty
\Urlmuskip=\muskip17
Package: url 2013/09/16  ver 3.4  Verb mode for urls, etc.
)
\c@tabx@nest=\count294
\c@listtotal=\count295
\c@listcount=\count296
\c@liststart=\count297
\c@liststop=\count298
\c@citecount=\count299
\c@citetotal=\count300
\c@multicitecount=\count301
\c@multicitetotal=\count302
\c@instcount=\count303
\c@maxnames=\count304
\c@minnames=\count305
\c@maxitems=\count306
\c@minitems=\count307
\c@citecounter=\count308
\c@maxcitecounter=\count309
\c@savedcitecounter=\count310
\c@uniquelist=\count311
\c@uniquename=\count312
\c@refsection=\count313
\c@refsegment=\count314
\c@maxextratitle=\count315
\c@maxextratitleyear=\count316
\c@maxextraname=\count317
\c@maxextradate=\count318
\c@maxextraalpha=\count319
\c@abbrvpenalty=\count320
\c@highnamepenalty=\count321
\c@lownamepenalty=\count322
\c@maxparens=\count323
\c@parenlevel=\count324
\blx@tempcnta=\count325
\blx@tempcntb=\count326
\blx@tempcntc=\count327
\c@blx@maxsection=\count328
\blx@maxsegment@0=\count329
\blx@notetype=\count330
\blx@parenlevel@text=\count331
\blx@parenlevel@foot=\count332
\blx@sectionciteorder@0=\count333
\blx@sectionciteorderinternal@0=\count334
\blx@entrysetcounter=\count335
\blx@biblioinstance=\count336
\labelnumberwidth=\skip51
\labelalphawidth=\skip52
\biblabelsep=\skip53
\bibitemsep=\skip54
\bibnamesep=\skip55
\bibinitsep=\skip56
\bibparsep=\skip57
\bibhang=\skip58
\blx@bcfin=\read3
\blx@bcfout=\write3
\blx@langwohyphens=\language91
\c@mincomprange=\count337
\c@maxcomprange=\count338
\c@mincompwidth=\count339
Package biblatex Info: Trying to load biblatex default data model...
Package biblatex Info: ... file 'blx-dm.def' found.

(/usr/local/texlive/2025/texmf-dist/tex/latex/biblatex/blx-dm.def
File: blx-dm.def 2024/03/21 v3.20 biblatex datamodel (PK/MW)
)
Package biblatex Info: Trying to load biblatex style data model...
Package biblatex Info: ... file 'authoryear.dbx' not found.
Package biblatex Info: Trying to load biblatex custom data model...
Package biblatex Info: ... file 'biblatex-dm.cfg' not found.
\c@afterword=\count340
\c@savedafterword=\count341
\c@annotator=\count342
\c@savedannotator=\count343
\c@author=\count344
\c@savedauthor=\count345
\c@bookauthor=\count346
\c@savedbookauthor=\count347
\c@commentator=\count348
\c@savedcommentator=\count349
\c@editor=\count350
\c@savededitor=\count351
\c@editora=\count352
\c@savededitora=\count353
\c@editorb=\count354
\c@savededitorb=\count355
\c@editorc=\count356
\c@savededitorc=\count357
\c@foreword=\count358
\c@savedforeword=\count359
\c@holder=\count360
\c@savedholder=\count361
\c@introduction=\count362
\c@savedintroduction=\count363
\c@namea=\count364
\c@savednamea=\count365
\c@nameb=\count366
\c@savednameb=\count367
\c@namec=\count368
\c@savednamec=\count369
\c@translator=\count370
\c@savedtranslator=\count371
\c@shortauthor=\count372
\c@savedshortauthor=\count373
\c@shorteditor=\count374
\c@savedshorteditor=\count375
\c@labelname=\count376
\c@savedlabelname=\count377
\c@institution=\count378
\c@savedinstitution=\count379
\c@lista=\count380
\c@savedlista=\count381
\c@listb=\count382
\c@savedlistb=\count383
\c@listc=\count384
\c@savedlistc=\count385
\c@listd=\count386
\c@savedlistd=\count387
\c@liste=\count388
\c@savedliste=\count389
\c@listf=\count390
\c@savedlistf=\count391
\c@location=\count392
\c@savedlocation=\count393
\c@organization=\count394
\c@savedorganization=\count395
\c@origlocation=\count396
\c@savedoriglocation=\count397
\c@origpublisher=\count398
\c@savedorigpublisher=\count399
\c@publisher=\count400
\c@savedpublisher=\count401
\c@language=\count402
\c@savedlanguage=\count403
\c@origlanguage=\count404
\c@savedoriglanguage=\count405
\c@pageref=\count406
\c@savedpageref=\count407
\shorthandwidth=\skip59
\shortjournalwidth=\skip60
\shortserieswidth=\skip61
\shorttitlewidth=\skip62
\shortauthorwidth=\skip63
\shorteditorwidth=\skip64
\locallabelnumberwidth=\skip65
\locallabelalphawidth=\skip66
\localshorthandwidth=\skip67
\localshortjournalwidth=\skip68
\localshortserieswidth=\skip69
\localshorttitlewidth=\skip70
\localshortauthorwidth=\skip71
\localshorteditorwidth=\skip72
Package biblatex Info: Trying to load enhanced support for Unicode engines...
Package biblatex Info: ... file 'blx-unicode.def' found.

(/usr/local/texlive/2025/texmf-dist/tex/latex/biblatex/blx-unicode.def)
Package biblatex Info: Trying to load compatibility code...
Package biblatex Info: ... file 'blx-compat.def' found.

(/usr/local/texlive/2025/texmf-dist/tex/latex/biblatex/blx-compat.def
File: blx-compat.def 2024/03/21 v3.20 biblatex compatibility (PK/MW)
)
Package biblatex Info: Trying to load generic definitions...
Package biblatex Info: ... file 'biblatex.def' found.

(/usr/local/texlive/2025/texmf-dist/tex/latex/biblatex/biblatex.def
File: biblatex.def 2024/03/21 v3.20 biblatex compatibility (PK/MW)
\c@textcitecount=\count408
\c@textcitetotal=\count409
\c@textcitemaxnames=\count410
\c@biburlbigbreakpenalty=\count411
\c@biburlbreakpenalty=\count412
\c@biburlnumpenalty=\count413
\c@biburlucpenalty=\count414
\c@biburllcpenalty=\count415
\biburlbigskip=\muskip18
\biburlnumskip=\muskip19
\biburlucskip=\muskip20
\biburllcskip=\muskip21
\c@smartand=\count416
)
Package biblatex Info: Trying to load natbib compatibility...
Package biblatex Info: ... file 'blx-natbib.def' found.

(/usr/local/texlive/2025/texmf-dist/tex/latex/biblatex/blx-natbib.def
File: blx-natbib.def 2024/03/21 v3.20 biblatex compatibility (PK/MW)
Package biblatex Info: Delimiter 'nameyeardelim' in context '' already defined,
 overwriting.
)
Package biblatex Info: Trying to load bibliography style 'authoryear'...
Package biblatex Info: ... file 'authoryear.bbx' found.

(/usr/local/texlive/2025/texmf-dist/tex/latex/biblatex/bbx/authoryear.bbx
File: authoryear.bbx 2024/03/21 v3.20 biblatex bibliography style (PK/MW)
Package biblatex Info: Trying to load bibliography style 'standard'...
Package biblatex Info: ... file 'standard.bbx' found.

(/usr/local/texlive/2025/texmf-dist/tex/latex/biblatex/bbx/standard.bbx
File: standard.bbx 2024/03/21 v3.20 biblatex bibliography style (PK/MW)
\c@bbx:relatedcount=\count417
\c@bbx:relatedtotal=\count418
))
Package biblatex Info: Trying to load citation style 'authoryear'...
Package biblatex Info: ... file 'authoryear.cbx' found.

(/usr/local/texlive/2025/texmf-dist/tex/latex/biblatex/cbx/authoryear.cbx
File: authoryear.cbx 2024/03/21 v3.20 biblatex citation style (PK/MW)
Package biblatex Info: Redefining '\cite'.
Package biblatex Info: Redefining '\parencite'.
Package biblatex Info: Redefining '\footcite'.
Package biblatex Info: Redefining '\footcitetext'.
Package biblatex Info: Redefining '\smartcite'.
Package biblatex Info: Redefining '\textcite'.
Package biblatex Info: Redefining '\textcites'.
)
Package biblatex Info: Trying to load configuration file...
Package biblatex Info: ... file 'biblatex.cfg' found.

(/usr/local/texlive/2025/texmf-dist/tex/latex/biblatex/biblatex.cfg
File: biblatex.cfg 
)
Package biblatex Info: XeTeX detected.
(biblatex)             Assuming input encoding 'utf8'.
Package biblatex Info: Document encoding is UTF8 ....
Package biblatex Info: ... and expl3
(biblatex)             2025-01-18 L3 programming layer (loader) 
(biblatex)             is new enough (at least 2020/04/06),
(biblatex)             setting 'casechanger=expl3'.

(/usr/local/texlive/2025/texmf-dist/tex/latex/biblatex/blx-case-expl3.sty
Package: blx-case-expl3 2024/03/21 v3.20 expl3 case changing code for biblatex
))
(/usr/local/texlive/2025/texmf-dist/tex/latex/mathtools/mathtools.sty
Package: mathtools 2024/10/04 v1.31 mathematical typesetting tools

(/usr/local/texlive/2025/texmf-dist/tex/latex/tools/calc.sty
Package: calc 2023/07/08 v4.3 Infix arithmetic (KKT,FJ)
\calc@Acount=\count419
\calc@Bcount=\count420
\calc@Adimen=\dimen162
\calc@Bdimen=\dimen163
\calc@Askip=\skip73
\calc@Bskip=\skip74
LaTeX Info: Redefining \setlength on input line 80.
LaTeX Info: Redefining \addtolength on input line 81.
\calc@Ccount=\count421
\calc@Cskip=\skip75
)
(/usr/local/texlive/2025/texmf-dist/tex/latex/mathtools/mhsetup.sty
Package: mhsetup 2021/03/18 v1.4 programming setup (MH)
)
(/usr/local/texlive/2025/texmf-dist/tex/latex/amsmath/amsmath.sty
Package: amsmath 2024/11/05 v2.17t AMS math features
\@mathmargin=\skip76

For additional information on amsmath, use the `?' option.
(/usr/local/texlive/2025/texmf-dist/tex/latex/amsmath/amstext.sty
Package: amstext 2021/08/26 v2.01 AMS text

(/usr/local/texlive/2025/texmf-dist/tex/latex/amsmath/amsgen.sty
File: amsgen.sty 1999/11/30 v2.0 generic functions
\@emptytoks=\toks21
\ex@=\dimen164
))
(/usr/local/texlive/2025/texmf-dist/tex/latex/amsmath/amsbsy.sty
Package: amsbsy 1999/11/29 v1.2d Bold Symbols
\pmbraise@=\dimen165
)
(/usr/local/texlive/2025/texmf-dist/tex/latex/amsmath/amsopn.sty
Package: amsopn 2022/04/08 v2.04 operator names
)
\inf@bad=\count422
LaTeX Info: Redefining \frac on input line 233.
\uproot@=\count423
\leftroot@=\count424
LaTeX Info: Redefining \overline on input line 398.
LaTeX Info: Redefining \colon on input line 409.
\classnum@=\count425
\DOTSCASE@=\count426
LaTeX Info: Redefining \ldots on input line 495.
LaTeX Info: Redefining \dots on input line 498.
LaTeX Info: Redefining \cdots on input line 619.
\Mathstrutbox@=\box55
\strutbox@=\box56
LaTeX Info: Redefining \big on input line 721.
LaTeX Info: Redefining \Big on input line 722.
LaTeX Info: Redefining \bigg on input line 723.
LaTeX Info: Redefining \Bigg on input line 724.
\big@size=\dimen166
LaTeX Font Info:    Redeclaring font encoding OML on input line 742.
LaTeX Font Info:    Redeclaring font encoding OMS on input line 743.
\macc@depth=\count427
LaTeX Info: Redefining \bmod on input line 904.
LaTeX Info: Redefining \pmod on input line 909.
LaTeX Info: Redefining \smash on input line 939.
LaTeX Info: Redefining \relbar on input line 969.
LaTeX Info: Redefining \Relbar on input line 970.
\c@MaxMatrixCols=\count428
\dotsspace@=\muskip22
\c@parentequation=\count429
\dspbrk@lvl=\count430
\tag@help=\toks22
\row@=\count431
\column@=\count432
\maxfields@=\count433
\andhelp@=\toks23
\eqnshift@=\dimen167
\alignsep@=\dimen168
\tagshift@=\dimen169
\tagwidth@=\dimen170
\totwidth@=\dimen171
\lineht@=\dimen172
\@envbody=\toks24
\multlinegap=\skip77
\multlinetaggap=\skip78
\mathdisplay@stack=\toks25
LaTeX Info: Redefining \[ on input line 2953.
LaTeX Info: Redefining \] on input line 2954.
)
\g_MT_multlinerow_int=\count434
\l_MT_multwidth_dim=\dimen173
\origjot=\skip79
\l_MT_shortvdotswithinadjustabove_dim=\dimen174
\l_MT_shortvdotswithinadjustbelow_dim=\dimen175
\l_MT_above_intertext_sep=\dimen176
\l_MT_below_intertext_sep=\dimen177
\l_MT_above_shortintertext_sep=\dimen178
\l_MT_below_shortintertext_sep=\dimen179
\xmathstrut@box=\box57
\xmathstrut@dim=\dimen180
)
(/usr/local/texlive/2025/texmf-dist/tex/latex/amsfonts/amssymb.sty
Package: amssymb 2013/01/14 v3.01 AMS font symbols

(/usr/local/texlive/2025/texmf-dist/tex/latex/amsfonts/amsfonts.sty
Package: amsfonts 2013/01/14 v3.01 Basic AMSFonts support
\symAMSa=\mathgroup4
\symAMSb=\mathgroup5
LaTeX Font Info:    Redeclaring math symbol \hbar on input line 98.
LaTeX Font Info:    Overwriting math alphabet `\mathfrak' in version `bold'
(Font)                  U/euf/m/n --> U/euf/b/n on input line 106.
))
(/usr/local/texlive/2025/texmf-dist/tex/latex/amscls/amsthm.sty
Package: amsthm 2020/05/29 v2.20.6
\thm@style=\toks26
\thm@bodyfont=\toks27
\thm@headfont=\toks28
\thm@notefont=\toks29
\thm@headpunct=\toks30
\thm@preskip=\skip80
\thm@postskip=\skip81
\thm@headsep=\skip82
\dth@everypar=\toks31
)
\c@theorem=\count435

(/usr/local/texlive/2025/texmf-dist/tex/latex/pgf/frontendlayer/tikz.sty
(/usr/local/texlive/2025/texmf-dist/tex/latex/pgf/basiclayer/pgf.sty
(/usr/local/texlive/2025/texmf-dist/tex/latex/pgf/utilities/pgfrcs.sty
(/usr/local/texlive/2025/texmf-dist/tex/generic/pgf/utilities/pgfutil-common.te
x
\pgfutil@everybye=\toks32
\pgfutil@tempdima=\dimen181
\pgfutil@tempdimb=\dimen182
)
(/usr/local/texlive/2025/texmf-dist/tex/generic/pgf/utilities/pgfutil-latex.def
\pgfutil@abb=\box58
) (/usr/local/texlive/2025/texmf-dist/tex/generic/pgf/utilities/pgfrcs.code.tex
(/usr/local/texlive/2025/texmf-dist/tex/generic/pgf/pgf.revision.tex)
Package: pgfrcs 2023-01-15 v3.1.10 (3.1.10)
))
Package: pgf 2023-01-15 v3.1.10 (3.1.10)

(/usr/local/texlive/2025/texmf-dist/tex/latex/pgf/basiclayer/pgfcore.sty
(/usr/local/texlive/2025/texmf-dist/tex/latex/pgf/systemlayer/pgfsys.sty
(/usr/local/texlive/2025/texmf-dist/tex/generic/pgf/systemlayer/pgfsys.code.tex
Package: pgfsys 2023-01-15 v3.1.10 (3.1.10)
(/usr/local/texlive/2025/texmf-dist/tex/generic/pgf/utilities/pgfkeys.code.tex
\pgfkeys@pathtoks=\toks33
\pgfkeys@temptoks=\toks34

(/usr/local/texlive/2025/texmf-dist/tex/generic/pgf/utilities/pgfkeyslibraryfil
tered.code.tex
\pgfkeys@tmptoks=\toks35
))
\pgf@x=\dimen183
\pgf@y=\dimen184
\pgf@xa=\dimen185
\pgf@ya=\dimen186
\pgf@xb=\dimen187
\pgf@yb=\dimen188
\pgf@xc=\dimen189
\pgf@yc=\dimen190
\pgf@xd=\dimen191
\pgf@yd=\dimen192
\w@pgf@writea=\write4
\r@pgf@reada=\read4
\c@pgf@counta=\count436
\c@pgf@countb=\count437
\c@pgf@countc=\count438
\c@pgf@countd=\count439
\t@pgf@toka=\toks36
\t@pgf@tokb=\toks37
\t@pgf@tokc=\toks38
\pgf@sys@id@count=\count440

(/usr/local/texlive/2025/texmf-dist/tex/generic/pgf/systemlayer/pgf.cfg
File: pgf.cfg 2023-01-15 v3.1.10 (3.1.10)
)
Driver file for pgf: pgfsys-xetex.def

(/usr/local/texlive/2025/texmf-dist/tex/generic/pgf/systemlayer/pgfsys-xetex.de
f
File: pgfsys-xetex.def 2023-01-15 v3.1.10 (3.1.10)

(/usr/local/texlive/2025/texmf-dist/tex/generic/pgf/systemlayer/pgfsys-dvipdfmx
.def
File: pgfsys-dvipdfmx.def 2023-01-15 v3.1.10 (3.1.10)

(/usr/local/texlive/2025/texmf-dist/tex/generic/pgf/systemlayer/pgfsys-common-p
df.def
File: pgfsys-common-pdf.def 2023-01-15 v3.1.10 (3.1.10)
)
\pgfsys@objnum=\count441
)))
(/usr/local/texlive/2025/texmf-dist/tex/generic/pgf/systemlayer/pgfsyssoftpath.
code.tex
File: pgfsyssoftpath.code.tex 2023-01-15 v3.1.10 (3.1.10)
\pgfsyssoftpath@smallbuffer@items=\count442
\pgfsyssoftpath@bigbuffer@items=\count443
)
(/usr/local/texlive/2025/texmf-dist/tex/generic/pgf/systemlayer/pgfsysprotocol.
code.tex
File: pgfsysprotocol.code.tex 2023-01-15 v3.1.10 (3.1.10)
)) (/usr/local/texlive/2025/texmf-dist/tex/latex/xcolor/xcolor.sty
Package: xcolor 2024/09/29 v3.02 LaTeX color extensions (UK)

(/usr/local/texlive/2025/texmf-dist/tex/latex/graphics-cfg/color.cfg
File: color.cfg 2016/01/02 v1.6 sample color configuration
)
Package xcolor Info: Driver file: xetex.def on input line 274.

(/usr/local/texlive/2025/texmf-dist/tex/latex/graphics/mathcolor.ltx)
Package xcolor Info: Model `cmy' substituted by `cmy0' on input line 1349.
Package xcolor Info: Model `RGB' extended on input line 1365.
Package xcolor Info: Model `HTML' substituted by `rgb' on input line 1367.
Package xcolor Info: Model `Hsb' substituted by `hsb' on input line 1368.
Package xcolor Info: Model `tHsb' substituted by `hsb' on input line 1369.
Package xcolor Info: Model `HSB' substituted by `hsb' on input line 1370.
Package xcolor Info: Model `Gray' substituted by `gray' on input line 1371.
Package xcolor Info: Model `wave' substituted by `hsb' on input line 1372.
)
(/usr/local/texlive/2025/texmf-dist/tex/generic/pgf/basiclayer/pgfcore.code.tex
Package: pgfcore 2023-01-15 v3.1.10 (3.1.10)
(/usr/local/texlive/2025/texmf-dist/tex/generic/pgf/math/pgfmath.code.tex
(/usr/local/texlive/2025/texmf-dist/tex/generic/pgf/math/pgfmathutil.code.tex)
(/usr/local/texlive/2025/texmf-dist/tex/generic/pgf/math/pgfmathparser.code.tex
\pgfmath@dimen=\dimen193
\pgfmath@count=\count444
\pgfmath@box=\box59
\pgfmath@toks=\toks39
\pgfmath@stack@operand=\toks40
\pgfmath@stack@operation=\toks41
)
(/usr/local/texlive/2025/texmf-dist/tex/generic/pgf/math/pgfmathfunctions.code.
tex)
(/usr/local/texlive/2025/texmf-dist/tex/generic/pgf/math/pgfmathfunctions.basic
.code.tex)
(/usr/local/texlive/2025/texmf-dist/tex/generic/pgf/math/pgfmathfunctions.trigo
nometric.code.tex)
(/usr/local/texlive/2025/texmf-dist/tex/generic/pgf/math/pgfmathfunctions.rando
m.code.tex)
(/usr/local/texlive/2025/texmf-dist/tex/generic/pgf/math/pgfmathfunctions.compa
rison.code.tex)
(/usr/local/texlive/2025/texmf-dist/tex/generic/pgf/math/pgfmathfunctions.base.
code.tex)
(/usr/local/texlive/2025/texmf-dist/tex/generic/pgf/math/pgfmathfunctions.round
.code.tex)
(/usr/local/texlive/2025/texmf-dist/tex/generic/pgf/math/pgfmathfunctions.misc.
code.tex)
(/usr/local/texlive/2025/texmf-dist/tex/generic/pgf/math/pgfmathfunctions.integ
erarithmetics.code.tex)
(/usr/local/texlive/2025/texmf-dist/tex/generic/pgf/math/pgfmathcalc.code.tex)
(/usr/local/texlive/2025/texmf-dist/tex/generic/pgf/math/pgfmathfloat.code.tex
\c@pgfmathroundto@lastzeros=\count445
)) (/usr/local/texlive/2025/texmf-dist/tex/generic/pgf/math/pgfint.code.tex)
(/usr/local/texlive/2025/texmf-dist/tex/generic/pgf/basiclayer/pgfcorepoints.co
de.tex
File: pgfcorepoints.code.tex 2023-01-15 v3.1.10 (3.1.10)
\pgf@picminx=\dimen194
\pgf@picmaxx=\dimen195
\pgf@picminy=\dimen196
\pgf@picmaxy=\dimen197
\pgf@pathminx=\dimen198
\pgf@pathmaxx=\dimen199
\pgf@pathminy=\dimen256
\pgf@pathmaxy=\dimen257
\pgf@xx=\dimen258
\pgf@xy=\dimen259
\pgf@yx=\dimen260
\pgf@yy=\dimen261
\pgf@zx=\dimen262
\pgf@zy=\dimen263
)
(/usr/local/texlive/2025/texmf-dist/tex/generic/pgf/basiclayer/pgfcorepathconst
ruct.code.tex
File: pgfcorepathconstruct.code.tex 2023-01-15 v3.1.10 (3.1.10)
\pgf@path@lastx=\dimen264
\pgf@path@lasty=\dimen265
)
(/usr/local/texlive/2025/texmf-dist/tex/generic/pgf/basiclayer/pgfcorepathusage
.code.tex
File: pgfcorepathusage.code.tex 2023-01-15 v3.1.10 (3.1.10)
\pgf@shorten@end@additional=\dimen266
\pgf@shorten@start@additional=\dimen267
)
(/usr/local/texlive/2025/texmf-dist/tex/generic/pgf/basiclayer/pgfcorescopes.co
de.tex
File: pgfcorescopes.code.tex 2023-01-15 v3.1.10 (3.1.10)
\pgfpic=\box60
\pgf@hbox=\box61
\pgf@layerbox@main=\box62
\pgf@picture@serial@count=\count446
)
(/usr/local/texlive/2025/texmf-dist/tex/generic/pgf/basiclayer/pgfcoregraphicst
ate.code.tex
File: pgfcoregraphicstate.code.tex 2023-01-15 v3.1.10 (3.1.10)
\pgflinewidth=\dimen268
)
(/usr/local/texlive/2025/texmf-dist/tex/generic/pgf/basiclayer/pgfcoretransform
ations.code.tex
File: pgfcoretransformations.code.tex 2023-01-15 v3.1.10 (3.1.10)
\pgf@pt@x=\dimen269
\pgf@pt@y=\dimen270
\pgf@pt@temp=\dimen271
)
(/usr/local/texlive/2025/texmf-dist/tex/generic/pgf/basiclayer/pgfcorequick.cod
e.tex
File: pgfcorequick.code.tex 2023-01-15 v3.1.10 (3.1.10)
)
(/usr/local/texlive/2025/texmf-dist/tex/generic/pgf/basiclayer/pgfcoreobjects.c
ode.tex
File: pgfcoreobjects.code.tex 2023-01-15 v3.1.10 (3.1.10)
)
(/usr/local/texlive/2025/texmf-dist/tex/generic/pgf/basiclayer/pgfcorepathproce
ssing.code.tex
File: pgfcorepathprocessing.code.tex 2023-01-15 v3.1.10 (3.1.10)
)
(/usr/local/texlive/2025/texmf-dist/tex/generic/pgf/basiclayer/pgfcorearrows.co
de.tex
File: pgfcorearrows.code.tex 2023-01-15 v3.1.10 (3.1.10)
\pgfarrowsep=\dimen272
)
(/usr/local/texlive/2025/texmf-dist/tex/generic/pgf/basiclayer/pgfcoreshade.cod
e.tex
File: pgfcoreshade.code.tex 2023-01-15 v3.1.10 (3.1.10)
\pgf@max=\dimen273
\pgf@sys@shading@range@num=\count447
\pgf@shadingcount=\count448
)
(/usr/local/texlive/2025/texmf-dist/tex/generic/pgf/basiclayer/pgfcoreimage.cod
e.tex
File: pgfcoreimage.code.tex 2023-01-15 v3.1.10 (3.1.10)
)
(/usr/local/texlive/2025/texmf-dist/tex/generic/pgf/basiclayer/pgfcoreexternal.
code.tex
File: pgfcoreexternal.code.tex 2023-01-15 v3.1.10 (3.1.10)
\pgfexternal@startupbox=\box63
)
(/usr/local/texlive/2025/texmf-dist/tex/generic/pgf/basiclayer/pgfcorelayers.co
de.tex
File: pgfcorelayers.code.tex 2023-01-15 v3.1.10 (3.1.10)
)
(/usr/local/texlive/2025/texmf-dist/tex/generic/pgf/basiclayer/pgfcoretranspare
ncy.code.tex
File: pgfcoretransparency.code.tex 2023-01-15 v3.1.10 (3.1.10)
)
(/usr/local/texlive/2025/texmf-dist/tex/generic/pgf/basiclayer/pgfcorepatterns.
code.tex
File: pgfcorepatterns.code.tex 2023-01-15 v3.1.10 (3.1.10)
)
(/usr/local/texlive/2025/texmf-dist/tex/generic/pgf/basiclayer/pgfcorerdf.code.
tex
File: pgfcorerdf.code.tex 2023-01-15 v3.1.10 (3.1.10)
)))
(/usr/local/texlive/2025/texmf-dist/tex/generic/pgf/modules/pgfmoduleshapes.cod
e.tex
File: pgfmoduleshapes.code.tex 2023-01-15 v3.1.10 (3.1.10)
\pgfnodeparttextbox=\box64
)
(/usr/local/texlive/2025/texmf-dist/tex/generic/pgf/modules/pgfmoduleplot.code.
tex
File: pgfmoduleplot.code.tex 2023-01-15 v3.1.10 (3.1.10)
)
(/usr/local/texlive/2025/texmf-dist/tex/latex/pgf/compatibility/pgfcomp-version
-0-65.sty
Package: pgfcomp-version-0-65 2023-01-15 v3.1.10 (3.1.10)
\pgf@nodesepstart=\dimen274
\pgf@nodesepend=\dimen275
)
(/usr/local/texlive/2025/texmf-dist/tex/latex/pgf/compatibility/pgfcomp-version
-1-18.sty
Package: pgfcomp-version-1-18 2023-01-15 v3.1.10 (3.1.10)
))
(/usr/local/texlive/2025/texmf-dist/tex/latex/pgf/utilities/pgffor.sty
(/usr/local/texlive/2025/texmf-dist/tex/latex/pgf/utilities/pgfkeys.sty
(/usr/local/texlive/2025/texmf-dist/tex/generic/pgf/utilities/pgfkeys.code.tex)
) (/usr/local/texlive/2025/texmf-dist/tex/latex/pgf/math/pgfmath.sty
(/usr/local/texlive/2025/texmf-dist/tex/generic/pgf/math/pgfmath.code.tex))
(/usr/local/texlive/2025/texmf-dist/tex/generic/pgf/utilities/pgffor.code.tex
Package: pgffor 2023-01-15 v3.1.10 (3.1.10)
\pgffor@iter=\dimen276
\pgffor@skip=\dimen277
\pgffor@stack=\toks42
\pgffor@toks=\toks43
))
(/usr/local/texlive/2025/texmf-dist/tex/generic/pgf/frontendlayer/tikz/tikz.cod
e.tex
Package: tikz 2023-01-15 v3.1.10 (3.1.10)

(/usr/local/texlive/2025/texmf-dist/tex/generic/pgf/libraries/pgflibraryplothan
dlers.code.tex
File: pgflibraryplothandlers.code.tex 2023-01-15 v3.1.10 (3.1.10)
\pgf@plot@mark@count=\count449
\pgfplotmarksize=\dimen278
)
\tikz@lastx=\dimen279
\tikz@lasty=\dimen280
\tikz@lastxsaved=\dimen281
\tikz@lastysaved=\dimen282
\tikz@lastmovetox=\dimen283
\tikz@lastmovetoy=\dimen284
\tikzleveldistance=\dimen285
\tikzsiblingdistance=\dimen286
\tikz@figbox=\box65
\tikz@figbox@bg=\box66
\tikz@tempbox=\box67
\tikz@tempbox@bg=\box68
\tikztreelevel=\count450
\tikznumberofchildren=\count451
\tikznumberofcurrentchild=\count452
\tikz@fig@count=\count453

(/usr/local/texlive/2025/texmf-dist/tex/generic/pgf/modules/pgfmodulematrix.cod
e.tex
File: pgfmodulematrix.code.tex 2023-01-15 v3.1.10 (3.1.10)
\pgfmatrixcurrentrow=\count454
\pgfmatrixcurrentcolumn=\count455
\pgf@matrix@numberofcolumns=\count456
)
\tikz@expandcount=\count457

(/usr/local/texlive/2025/texmf-dist/tex/generic/pgf/frontendlayer/tikz/librarie
s/tikzlibrarytopaths.code.tex
File: tikzlibrarytopaths.code.tex 2023-01-15 v3.1.10 (3.1.10)
)))
(/usr/local/texlive/2025/texmf-dist/tex/generic/pgf/libraries/pgflibraryarrows.
meta.code.tex
File: pgflibraryarrows.meta.code.tex 2023-01-15 v3.1.10 (3.1.10)
\pgfarrowinset=\dimen287
\pgfarrowlength=\dimen288
\pgfarrowwidth=\dimen289
\pgfarrowlinewidth=\dimen290
)
(/usr/local/texlive/2025/texmf-dist/tex/generic/pgf/frontendlayer/tikz/librarie
s/tikzlibrarypositioning.code.tex
File: tikzlibrarypositioning.code.tex 2023-01-15 v3.1.10 (3.1.10)
)
(/usr/local/texlive/2025/texmf-dist/tex/generic/pgf/frontendlayer/tikz/librarie
s/tikzlibrarycalc.code.tex
File: tikzlibrarycalc.code.tex 2023-01-15 v3.1.10 (3.1.10)
)
(/usr/local/texlive/2025/texmf-dist/tex/generic/pgf/frontendlayer/tikz/librarie
s/tikzlibraryshapes.geometric.code.tex
File: tikzlibraryshapes.geometric.code.tex 2023-01-15 v3.1.10 (3.1.10)

(/usr/local/texlive/2025/texmf-dist/tex/generic/pgf/libraries/shapes/pgflibrary
shapes.geometric.code.tex
File: pgflibraryshapes.geometric.code.tex 2023-01-15 v3.1.10 (3.1.10)
))
(/usr/local/texlive/2025/texmf-dist/tex/generic/pgf/frontendlayer/tikz/librarie
s/tikzlibraryfit.code.tex
File: tikzlibraryfit.code.tex 2023-01-15 v3.1.10 (3.1.10)
)
(/usr/local/texlive/2025/texmf-dist/tex/generic/pgf/frontendlayer/tikz/librarie
s/tikzlibrarybackgrounds.code.tex
File: tikzlibrarybackgrounds.code.tex 2023-01-15 v3.1.10 (3.1.10)
\pgf@layerbox@background=\box69
\pgf@layerboxsaved@background=\box70
)
(/usr/local/texlive/2025/texmf-dist/tex/generic/pgf/frontendlayer/tikz/librarie
s/tikzlibrarydecorations.pathreplacing.code.tex
(/usr/local/texlive/2025/texmf-dist/tex/generic/pgf/frontendlayer/tikz/librarie
s/tikzlibrarydecorations.code.tex
(/usr/local/texlive/2025/texmf-dist/tex/generic/pgf/modules/pgfmoduledecoration
s.code.tex
\pgfdecoratedcompleteddistance=\dimen291
\pgfdecoratedremainingdistance=\dimen292
\pgfdecoratedinputsegmentcompleteddistance=\dimen293
\pgfdecoratedinputsegmentremainingdistance=\dimen294
\pgf@decorate@distancetomove=\dimen295
\pgf@decorate@repeatstate=\count458
\pgfdecorationsegmentamplitude=\dimen296
\pgfdecorationsegmentlength=\dimen297
)
\tikz@lib@dec@box=\box71
)
(/usr/local/texlive/2025/texmf-dist/tex/generic/pgf/libraries/decorations/pgfli
brarydecorations.pathreplacing.code.tex))
(/usr/local/texlive/2025/texmf-dist/tex/latex/caption/caption.sty
Package: caption 2023/08/05 v3.6o Customizing captions (AR)

(/usr/local/texlive/2025/texmf-dist/tex/latex/caption/caption3.sty
Package: caption3 2023/07/31 v2.4d caption3 kernel (AR)
\caption@tempdima=\dimen298
\captionmargin=\dimen299
\caption@leftmargin=\dimen300
\caption@rightmargin=\dimen301
\caption@width=\dimen302
\caption@indent=\dimen303
\caption@parindent=\dimen304
\caption@hangindent=\dimen305
Package caption Info: Standard document class detected.
)
\c@caption@flags=\count459
\c@continuedfloat=\count460
)
(/usr/local/texlive/2025/texmf-dist/tex/latex/caption/subcaption.sty
Package: subcaption 2023/07/28 v1.6b Sub-captions (AR)
Package caption Info: New subtype `subfigure' on input line 238.
\c@subfigure=\count461
Package caption Info: New subtype `subtable' on input line 238.
\c@subtable=\count462
)
(/usr/local/texlive/2025/texmf-dist/tex/latex/tools/array.sty
Package: array 2024/10/17 v2.6g Tabular extension package (FMi)
\col@sep=\dimen306
\ar@mcellbox=\box72
\extrarowheight=\dimen307
\NC@list=\toks44
\extratabsurround=\skip83
\backup@length=\skip84
\ar@cellbox=\box73
)
(/usr/local/texlive/2025/texmf-dist/tex/latex/booktabs/booktabs.sty
Package: booktabs 2020/01/12 v1.61803398 Publication quality tables
\heavyrulewidth=\dimen308
\lightrulewidth=\dimen309
\cmidrulewidth=\dimen310
\belowrulesep=\dimen311
\belowbottomsep=\dimen312
\aboverulesep=\dimen313
\abovetopsep=\dimen314
\cmidrulesep=\dimen315
\cmidrulekern=\dimen316
\defaultaddspace=\dimen317
\@cmidla=\count463
\@cmidlb=\count464
\@aboverulesep=\dimen318
\@belowrulesep=\dimen319
\@thisruleclass=\count465
\@lastruleclass=\count466
\@thisrulewidth=\dimen320
)
(/usr/local/texlive/2025/texmf-dist/tex/latex/tools/tabularx.sty
Package: tabularx 2023/12/11 v2.12a `tabularx' package (DPC)
\TX@col@width=\dimen321
\TX@old@table=\dimen322
\TX@old@col=\dimen323
\TX@target=\dimen324
\TX@delta=\dimen325
\TX@cols=\count467
\TX@ftn=\toks45
)
(/usr/local/texlive/2025/texmf-dist/tex/latex/ltablex/ltablex.sty
Package: ltablex 2014/08/13 v1.1 Modified tabularx

(/usr/local/texlive/2025/texmf-dist/tex/latex/tools/longtable.sty
Package: longtable 2024-10-27 v4.22 Multi-page Table package (DPC)
\LTleft=\skip85
\LTright=\skip86
\LTpre=\skip87
\LTpost=\skip88
\LTchunksize=\count468
\LTcapwidth=\dimen326
\LT@head=\box74
\LT@firsthead=\box75
\LT@foot=\box76
\LT@lastfoot=\box77
\LT@gbox=\box78
\LT@cols=\count469
\LT@rows=\count470
\c@LT@tables=\count471
\c@LT@chunks=\count472
\LT@p@ftn=\toks46
))
(/usr/local/texlive/2025/texmf-dist/tex/latex/multirow/multirow.sty
Package: multirow 2024/11/12 v2.9 Span multiple rows of a table
\multirow@colwidth=\skip89
\multirow@cntb=\count473
\multirow@dima=\skip90
\bigstrutjot=\dimen327
)
(/usr/local/texlive/2025/texmf-dist/tex/latex/makecell/makecell.sty
Package: makecell 2009/08/03 V0.1e Managing of Tab Column Heads and Cells
\rotheadsize=\dimen328
\c@nlinenum=\count474
\TeXr@lab=\toks47
)
(/usr/local/texlive/2025/texmf-dist/tex/latex/colortbl/colortbl.sty
Package: colortbl 2024/07/06 v1.0i Color table columns (DPC)
\everycr=\toks48
\minrowclearance=\skip91
\rownum=\count475
)
(/usr/local/texlive/2025/texmf-dist/tex/latex/float/float.sty
Package: float 2001/11/08 v1.3d Float enhancements (AL)
\c@float@type=\count476
\float@exts=\toks49
\float@box=\box79
\@float@everytoks=\toks50
\@floatcapt=\box80
)
(/usr/local/texlive/2025/texmf-dist/tex/latex/placeins/placeins.sty
Package: placeins 2005/04/18  v 2.2
)
(/usr/local/texlive/2025/texmf-dist/tex/latex/xltabular/xltabular.sty
Package: xltabular 2025/02/28 v0.2i `xltabular' package (hv,RN)
)
(/usr/local/texlive/2025/texmf-dist/tex/latex/algorithms/algorithm.sty
Invalid UTF-8 byte or sequence at line 11 replaced by U+FFFD.
Package: algorithm 2009/08/24 v0.1 Document Style `algorithm' - floating enviro
nment
\@float@every@algorithm=\toks51
\c@algorithm=\count477
)
(/usr/local/texlive/2025/texmf-dist/tex/latex/algorithmicx/algpseudocode.sty
Package: algpseudocode 

(/usr/local/texlive/2025/texmf-dist/tex/latex/algorithmicx/algorithmicx.sty
Package: algorithmicx 2005/04/27 v1.2 Algorithmicx

Document Style algorithmicx 1.2 - a greatly improved `algorithmic' style
\c@ALG@line=\count478
\c@ALG@rem=\count479
\c@ALG@nested=\count480
\ALG@tlm=\skip92
\ALG@thistlm=\skip93
\c@ALG@Lnr=\count481
\c@ALG@blocknr=\count482
\c@ALG@storecount=\count483
\c@ALG@tmpcounter=\count484
\ALG@tmplength=\skip94
)
Document Style - pseudocode environments for use with the `algorithmicx' style
) (/usr/local/texlive/2025/texmf-dist/tex/latex/enumitem/enumitem.sty
Package: enumitem 2025/02/06 v3.11 Customized lists
\labelindent=\skip95
\enit@outerparindent=\dimen329
\enit@toks=\toks52
\enit@inbox=\box81
\enit@count@id=\count485
\enitdp@description=\count486
)
(/usr/local/texlive/2025/texmf-dist/tex/latex/braket/braket.sty)
(/usr/local/texlive/2025/texmf-dist/tex/latex/microtype/microtype.sty
Package: microtype 2025/02/11 v3.2a Micro-typographical refinements (RS)
\MT@toks=\toks53
\MT@tempbox=\box82
\MT@count=\count487
LaTeX Info: Redefining \noprotrusionifhmode on input line 1087.
LaTeX Info: Redefining \leftprotrusion on input line 1088.
\MT@prot@toks=\toks54
LaTeX Info: Redefining \rightprotrusion on input line 1107.
LaTeX Info: Redefining \textls on input line 1449.
\MT@outer@kern=\dimen330
LaTeX Info: Redefining \microtypecontext on input line 2053.
LaTeX Info: Redefining \textmicrotypecontext on input line 2070.
\MT@listname@count=\count488

(/usr/local/texlive/2025/texmf-dist/tex/latex/microtype/microtype-xetex.def
File: microtype-xetex.def 2025/02/11 v3.2a Definitions specific to xetex (RS)
LaTeX Info: Redefining \lsstyle on input line 443.
LaTeX Info: Redefining \lslig on input line 451.
\MT@outer@space=\skip96
)
Package microtype Info: Loading configuration file microtype.cfg.

(/usr/local/texlive/2025/texmf-dist/tex/latex/microtype/microtype.cfg
File: microtype.cfg 2025/02/11 v3.2a microtype main configuration file (RS)
)
LaTeX Info: Redefining \microtypesetup on input line 3065.
)
(/usr/local/texlive/2025/texmf-dist/tex/latex/setspace/setspace.sty
Package: setspace 2022/12/04 v6.7b set line spacing
)
(/usr/local/texlive/2025/texmf-dist/tex/latex/breakcites/breakcites.sty)
(/usr/local/texlive/2025/texmf-dist/tex/latex/tools/xspace.sty
Package: xspace 2014/10/28 v1.13 Space after command names (DPC,MH)
)
(/usr/local/texlive/2025/texmf-dist/tex/latex/tools/afterpage.sty
Package: afterpage 2023/07/04 v1.08 After-Page Package (DPC)
\AP@output=\toks55
\AP@partial=\box83
\AP@footins=\box84
)
(/usr/local/texlive/2025/texmf-dist/tex/latex/psnfss/pifont.sty
Package: pifont 2020/03/25 PSNFSS-v9.3 Pi font support (SPQR) 
LaTeX Font Info:    Trying to load font information for U+pzd on input line 63.


(/usr/local/texlive/2025/texmf-dist/tex/latex/psnfss/upzd.fd
File: upzd.fd 2001/06/04 font definitions for U/pzd.
)
LaTeX Font Info:    Trying to load font information for U+psy on input line 64.


(/usr/local/texlive/2025/texmf-dist/tex/latex/psnfss/upsy.fd
File: upsy.fd 2001/06/04 font definitions for U/psy.
))
(/usr/local/texlive/2025/texmf-dist/tex/latex/geometry/geometry.sty
Package: geometry 2020/01/02 v5.9 Page Geometry

(/usr/local/texlive/2025/texmf-dist/tex/generic/iftex/ifvtex.sty
Package: ifvtex 2019/10/25 v1.7 ifvtex legacy package. Use iftex instead.
)
\Gm@cnth=\count489
\Gm@cntv=\count490
\c@Gm@tempcnt=\count491
\Gm@bindingoffset=\dimen331
\Gm@wd@mp=\dimen332
\Gm@odd@mp=\dimen333
\Gm@even@mp=\dimen334
\Gm@layoutwidth=\dimen335
\Gm@layoutheight=\dimen336
\Gm@layouthoffset=\dimen337
\Gm@layoutvoffset=\dimen338
\Gm@dimlist=\toks56
)
(/usr/local/texlive/2025/texmf-dist/tex/latex/fancyhdr/fancyhdr.sty
Package: fancyhdr 2025/02/07 v5.2 Extensive control of page headers and footers

\f@nch@headwidth=\skip97
\f@nch@offset@elh=\skip98
\f@nch@offset@erh=\skip99
\f@nch@offset@olh=\skip100
\f@nch@offset@orh=\skip101
\f@nch@offset@elf=\skip102
\f@nch@offset@erf=\skip103
\f@nch@offset@olf=\skip104
\f@nch@offset@orf=\skip105
\f@nch@height=\skip106
\f@nch@footalignment=\skip107
\f@nch@widthL=\skip108
\f@nch@widthC=\skip109
\f@nch@widthR=\skip110
\@temptokenb=\toks57
)
(/usr/local/texlive/2025/texmf-dist/tex/latex/epigraph/epigraph.sty
Package: epigraph 2020/01/02 v1.5e typesetting epigraphs

(/usr/local/texlive/2025/texmf-dist/tex/latex/nextpage/nextpage.sty
Package: nextpage 2009/09/03 v1.1a additional page commands
)
\beforeepigraphskip=\skip111
\afterepigraphskip=\skip112
\epigraphwidth=\skip113
\epigraphrule=\skip114
)
(/usr/local/texlive/2025/texmf-dist/tex/latex/hyperref/hyperref.sty
Package: hyperref 2024-11-05 v7.01l Hypertext links for LaTeX

(/usr/local/texlive/2025/texmf-dist/tex/generic/kvdefinekeys/kvdefinekeys.sty
Package: kvdefinekeys 2019-12-19 v1.6 Define keys (HO)
)
(/usr/local/texlive/2025/texmf-dist/tex/generic/pdfescape/pdfescape.sty
Package: pdfescape 2019/12/09 v1.15 Implements pdfTeX's escape features (HO)
)
(/usr/local/texlive/2025/texmf-dist/tex/latex/hycolor/hycolor.sty
Package: hycolor 2020-01-27 v1.10 Color options for hyperref/bookmark (HO)
)
(/usr/local/texlive/2025/texmf-dist/tex/latex/hyperref/nameref.sty
Package: nameref 2023-11-26 v2.56 Cross-referencing by name of section

(/usr/local/texlive/2025/texmf-dist/tex/latex/refcount/refcount.sty
Package: refcount 2019/12/15 v3.6 Data extraction from label references (HO)
)
(/usr/local/texlive/2025/texmf-dist/tex/generic/gettitlestring/gettitlestring.s
ty
Package: gettitlestring 2019/12/15 v1.6 Cleanup title references (HO)
)
\c@section@level=\count492
) (/usr/local/texlive/2025/texmf-dist/tex/generic/stringenc/stringenc.sty
Package: stringenc 2019/11/29 v1.12 Convert strings between diff. encodings (HO
)
)
\@linkdim=\dimen339
\Hy@linkcounter=\count493
\Hy@pagecounter=\count494

(/usr/local/texlive/2025/texmf-dist/tex/latex/hyperref/pd1enc.def
File: pd1enc.def 2024-11-05 v7.01l Hyperref: PDFDocEncoding definition (HO)
)
(/usr/local/texlive/2025/texmf-dist/tex/generic/intcalc/intcalc.sty
Package: intcalc 2019/12/15 v1.3 Expandable calculations with integers (HO)
)
\Hy@SavedSpaceFactor=\count495

(/usr/local/texlive/2025/texmf-dist/tex/latex/hyperref/puenc.def
File: puenc.def 2024-11-05 v7.01l Hyperref: PDF Unicode definition (HO)
)
Package hyperref Info: Option `hyperfootnotes' set `false' on input line 4040.
Package hyperref Info: Hyper figures OFF on input line 4157.
Package hyperref Info: Link nesting OFF on input line 4162.
Package hyperref Info: Hyper index ON on input line 4165.
Package hyperref Info: Plain pages OFF on input line 4172.
Package hyperref Info: Backreferencing OFF on input line 4177.
Package hyperref Info: Implicit mode ON; LaTeX internals redefined.
Package hyperref Info: Bookmarks ON on input line 4424.
\c@Hy@tempcnt=\count496
LaTeX Info: Redefining \url on input line 4763.
\XeTeXLinkMargin=\dimen340

(/usr/local/texlive/2025/texmf-dist/tex/generic/bitset/bitset.sty
Package: bitset 2019/12/09 v1.3 Handle bit-vector datatype (HO)

(/usr/local/texlive/2025/texmf-dist/tex/generic/bigintcalc/bigintcalc.sty
Package: bigintcalc 2019/12/15 v1.5 Expandable calculations on big integers (HO
)
))
\Fld@menulength=\count497
\Field@Width=\dimen341
\Fld@charsize=\dimen342
Package hyperref Info: Hyper figures OFF on input line 6042.
Package hyperref Info: Link nesting OFF on input line 6047.
Package hyperref Info: Hyper index ON on input line 6050.
Package hyperref Info: backreferencing OFF on input line 6057.
Package hyperref Info: Link coloring OFF on input line 6062.
Package hyperref Info: Link coloring with OCG OFF on input line 6067.
Package hyperref Info: PDF/A mode OFF on input line 6072.

(/usr/local/texlive/2025/texmf-dist/tex/latex/base/atbegshi-ltx.sty
Package: atbegshi-ltx 2021/01/10 v1.0c Emulation of the original atbegshi
package with kernel methods
)
\Hy@abspage=\count498
\c@Item=\count499
)
Package hyperref Info: Driver (autodetected): hxetex.

(/usr/local/texlive/2025/texmf-dist/tex/latex/hyperref/hxetex.def
File: hxetex.def 2024-11-05 v7.01l Hyperref driver for XeTeX
\pdfm@box=\box85
\c@Hy@AnnotLevel=\count500
\HyField@AnnotCount=\count501
\Fld@listcount=\count502
\c@bookmark@seq@number=\count503

(/usr/local/texlive/2025/texmf-dist/tex/latex/rerunfilecheck/rerunfilecheck.sty
Package: rerunfilecheck 2022-07-10 v1.10 Rerun checks for auxiliary files (HO)
(/usr/local/texlive/2025/texmf-dist/tex/latex/base/atveryend-ltx.sty
Package: atveryend-ltx 2020/08/19 v1.0a Emulation of the original atveryend pac
kage
with kernel methods
)
(/usr/local/texlive/2025/texmf-dist/tex/generic/uniquecounter/uniquecounter.sty
Package: uniquecounter 2019/12/15 v1.4 Provide unlimited unique counter (HO)
)
Package uniquecounter Info: New unique counter `rerunfilecheck' on input line 2
85.
)
\Hy@SectionHShift=\skip115
)
(/usr/local/texlive/2025/texmf-dist/tex/latex/footnotebackref/footnotebackref.s
ty
Package: footnotebackref 2012/07/01 v1.0 Backreferences for footnotes (Holger L
ange)
 (/usr/local/texlive/2025/texmf-dist/tex/latex/letltxmacro/letltxmacro.sty
Package: letltxmacro 2019/12/03 v1.6 Let assignment for LaTeX macros (HO)
)
\c@BackrefHyperFootnoteCounter=\count504
)
(/usr/local/texlive/2025/texmf-dist/tex/latex/glossaries/base/glossaries.sty
Package: glossaries 2025/03/03 v4.56 (NLCT)

(/usr/local/texlive/2025/texmf-dist/tex/latex/mfirstuc/mfirstuc.sty
Package: mfirstuc 2022/10/14 v2.08 (NLCT)
\@glsmfirst=\toks58
\@glsmrest=\toks59
)
(/usr/local/texlive/2025/texmf-dist/tex/latex/xfor/xfor.sty
Package: xfor 2009/02/05 v1.05 (NLCT)
)
(/usr/local/texlive/2025/texmf-dist/tex/latex/tracklang/tracklang.sty
Package: tracklang 2025/03/04 v1.6.5 (NLCT) Track Languages

(/usr/local/texlive/2025/texmf-dist/tex/generic/tracklang/tracklang.tex))
(/usr/local/texlive/2025/texmf-dist/tex/latex/translator/translator.sty
Package: translator 2021-05-31 v1.12d Easy translation of strings in LaTeX
)
(/usr/local/texlive/2025/texmf-dist/tex/latex/glossaries-english/glossaries-eng
lish.ldf
File: glossaries-english.ldf 2014/11/23 v1.0
)
(/usr/local/texlive/2025/texmf-dist/tex/latex/datatool/datatool-base.sty
Package: datatool-base 2025/03/05 v3.0.1 (NLCT)

(/usr/local/texlive/2025/texmf-dist/tex/latex/datatool/datatool-l3fp.def
File: datatool-l3fp.def 2025/03/05 v3.0.1 (NLCT)
)
\@dtl@toks=\toks60
\@dtl@tmpcount=\count505
\dtl@tmplength=\skip116
\l__datatool_measure_box=\box86
\dtl@sortresult=\count506

(/usr/local/texlive/2025/texmf-dist/tex/latex/datatool/datatool-utf8.ldf
File: datatool-utf8.ldf 2025/03/05 v3.0.1 (NLCT)
)
\@dtl@datatype=\count507
\l__datatool_tmpa_int=\count508
\l__datatool_tmpb_int=\count509
\l__datatool_tmpc_int=\count510
\l__datatool_tmpd_int=\count511
\l__datatool_count_int=\count512
\l__datatool_tmp_datatype_int=\count513
\l__datatool_tmpa_dim=\dimen343
\l__datatool_tmpb_dim=\dimen344
\c_datatool_unknown_int=\count514
\l__datatool_year_int=\count515
\l__datatool_month_int=\count516
\l__datatool_day_int=\count517
\l__datatool_hour_int=\count518
\l__datatool_minute_int=\count519
\l__datatool_second_int=\count520
\l__datatool_tzhour_int=\count521
\l__datatool_tzminute_int=\count522
\l__datatool_julian_int=\count523
\l__datatool_local_julian_int=\count524
\l__datatool_prefix_int=\count525
\l__datatool_suffix_int=\count526
\@dtl@foreach@level=\count527

(/usr/local/texlive/2025/texmf-dist/tex/latex/datatool-regions/datatool-GB.ldf
File: datatool-GB.ldf 2025/03/01 v1.0
)
(/usr/local/texlive/2025/texmf-dist/tex/latex/datatool-english/datatool-english
.ldf
File: datatool-english.ldf 2025/03/01 v1.0 (NLCT)

(/usr/local/texlive/2025/texmf-dist/tex/latex/datatool-english/datatool-english
-utf8.ldf
File: datatool-english-utf8.ldf 2025/03/01 v1.0 (NLCT)
))
\dtl@codeA=\count528
\dtl@codeB=\count529
)
\gls@level=\count530
\@gls@tmpb=\toks61
\gls@tmplen=\skip117
\glskeylisttok=\toks62
\glslabeltok=\toks63
\glsshorttok=\toks64
\glslongtok=\toks65

(/usr/local/texlive/2025/texmf-dist/tex/latex/glossaries/styles/glossary-hypern
av.sty
Package: glossary-hypernav 2025/03/03 v4.56 (NLCT)
)
(/usr/local/texlive/2025/texmf-dist/tex/latex/glossaries/styles/glossary-list.s
ty
Package: glossary-list 2025/03/03 v4.56 (NLCT)
\glslistdottedwidth=\skip118
)
(/usr/local/texlive/2025/texmf-dist/tex/latex/glossaries/styles/glossary-long.s
ty
Package: glossary-long 2025/03/03 v4.56 (NLCT)
\glsdescwidth=\skip119
\glspagelistwidth=\skip120
)
(/usr/local/texlive/2025/texmf-dist/tex/latex/glossaries/styles/glossary-super.
sty
Package: glossary-super 2025/03/03 v4.56 (NLCT)
 (/usr/local/texlive/2025/texmf-dist/tex/latex/supertabular/supertabular.sty
Package: supertabular 2024/07/20 v4.2c the supertabular environment
\c@tracingst=\count531
\ST@wd=\dimen345
\ST@rightskip=\skip121
\ST@leftskip=\skip122
\ST@parfillskip=\skip123
\ST@pageleft=\dimen346
\ST@headht=\dimen347
\ST@tailht=\dimen348
\ST@pagesofar=\dimen349
\ST@pboxht=\dimen350
\ST@rowht=\dimen351
\ST@prevht=\dimen352
\ST@toadd=\dimen353
\ST@dimen=\dimen354
\ST@pbox=\box87
))
(/usr/local/texlive/2025/texmf-dist/tex/latex/glossaries/styles/glossary-tree.s
ty
Package: glossary-tree 2025/03/03 v4.56 (NLCT)
\glstreeindent=\skip124
))
\glswrite=\write5
\glo@main@file=\write6
\openout6 = `Thesis.glo'.

Package glossaries Info: Writing glossary file Thesis.glo on input line 201.
\glo@acronym@file=\write7
\openout7 = `Thesis.acn'.

Package glossaries Info: Writing glossary file Thesis.acn on input line 201.
 (./frontmatter/abbreviations.tex)
Package csquotes Info: Checking for multilingual support...
Package csquotes Info: ... found 'babel' package.
Package csquotes Info: Adjusting default style.
Package csquotes Info: Redefining alias 'default' -> 'UKenglish'.
 (./Thesis.aux (./ch0/abstract.aux)
(./frontmatter/notation.aux) (./ch1/introduction.aux) (./ch2/ch2_1.aux)
(./ch3/ch3.aux) (./ch4/ch4.aux) (./ch5/ch5.aux

LaTeX Warning: Label `sec:method' multiply defined.

) (./ch8/summaryconclusion.aux) (./appendices/app_ch3.aux))
\openout1 = `Thesis.aux'.

LaTeX Font Info:    Checking defaults for OML/cmm/m/it on input line 290.
LaTeX Font Info:    ... okay on input line 290.
LaTeX Font Info:    Checking defaults for OMS/cmsy/m/n on input line 290.
LaTeX Font Info:    ... okay on input line 290.
LaTeX Font Info:    Checking defaults for OT1/cmr/m/n on input line 290.
LaTeX Font Info:    ... okay on input line 290.
LaTeX Font Info:    Checking defaults for T1/cmr/m/n on input line 290.
LaTeX Font Info:    ... okay on input line 290.
LaTeX Font Info:    Checking defaults for TS1/cmr/m/n on input line 290.
LaTeX Font Info:    ... okay on input line 290.
LaTeX Font Info:    Checking defaults for TU/lmr/m/n on input line 290.
LaTeX Font Info:    ... okay on input line 290.
LaTeX Font Info:    Checking defaults for OMX/cmex/m/n on input line 290.
LaTeX Font Info:    ... okay on input line 290.
LaTeX Font Info:    Checking defaults for U/cmr/m/n on input line 290.
LaTeX Font Info:    ... okay on input line 290.
LaTeX Font Info:    Checking defaults for PD1/pdf/m/n on input line 290.
LaTeX Font Info:    ... okay on input line 290.
LaTeX Font Info:    Checking defaults for PU/pdf/m/n on input line 290.
LaTeX Font Info:    ... okay on input line 290.

Package fontspec Info: 
(fontspec)             Adjusting the maths setup (use [no-math] to avoid
(fontspec)             this).

\symlegacymaths=\mathgroup6
LaTeX Font Info:    Overwriting symbol font `legacymaths' in version `bold'
(Font)                  OT1/cmr/m/n --> OT1/cmr/bx/n on input line 290.
LaTeX Font Info:    Redeclaring math accent \acute on input line 290.
LaTeX Font Info:    Redeclaring math accent \grave on input line 290.
LaTeX Font Info:    Redeclaring math accent \ddot on input line 290.
LaTeX Font Info:    Redeclaring math accent \tilde on input line 290.
LaTeX Font Info:    Redeclaring math accent \bar on input line 290.
LaTeX Font Info:    Redeclaring math accent \breve on input line 290.
LaTeX Font Info:    Redeclaring math accent \check on input line 290.
LaTeX Font Info:    Redeclaring math accent \hat on input line 290.
LaTeX Font Info:    Redeclaring math accent \dot on input line 290.
LaTeX Font Info:    Redeclaring math accent \mathring on input line 290.
LaTeX Font Info:    Redeclaring math symbol \Gamma on input line 290.
LaTeX Font Info:    Redeclaring math symbol \Delta on input line 290.
LaTeX Font Info:    Redeclaring math symbol \Theta on input line 290.
LaTeX Font Info:    Redeclaring math symbol \Lambda on input line 290.
LaTeX Font Info:    Redeclaring math symbol \Xi on input line 290.
LaTeX Font Info:    Redeclaring math symbol \Pi on input line 290.
LaTeX Font Info:    Redeclaring math symbol \Sigma on input line 290.
LaTeX Font Info:    Redeclaring math symbol \Upsilon on input line 290.
LaTeX Font Info:    Redeclaring math symbol \Phi on input line 290.
LaTeX Font Info:    Redeclaring math symbol \Psi on input line 290.
LaTeX Font Info:    Redeclaring math symbol \Omega on input line 290.
LaTeX Font Info:    Redeclaring math symbol \mathdollar on input line 290.
LaTeX Font Info:    Redeclaring symbol font `operators' on input line 290.
LaTeX Font Info:    Encoding `OT1' has changed to `TU' for symbol font
(Font)              `operators' in the math version `normal' on input line 290.

LaTeX Font Info:    Overwriting symbol font `operators' in version `normal'
(Font)                  OT1/cmr/m/n --> TU/Arial(0)/m/n on input line 290.
LaTeX Font Info:    Encoding `OT1' has changed to `TU' for symbol font
(Font)              `operators' in the math version `bold' on input line 290.
LaTeX Font Info:    Overwriting symbol font `operators' in version `bold'
(Font)                  OT1/cmr/bx/n --> TU/Arial(0)/m/n on input line 290.
LaTeX Font Info:    Overwriting symbol font `operators' in version `normal'
(Font)                  TU/Arial(0)/m/n --> TU/Arial(0)/m/n on input line 290.
LaTeX Font Info:    Overwriting math alphabet `\mathit' in version `normal'
(Font)                  OT1/cmr/m/it --> TU/Arial(0)/m/it on input line 290.
LaTeX Font Info:    Overwriting math alphabet `\mathbf' in version `normal'
(Font)                  OT1/cmr/bx/n --> TU/Arial(0)/b/n on input line 290.
LaTeX Font Info:    Overwriting math alphabet `\mathsf' in version `normal'
(Font)                  OT1/cmss/m/n --> TU/lmss/m/n on input line 290.
LaTeX Font Info:    Overwriting math alphabet `\mathtt' in version `normal'
(Font)                  OT1/cmtt/m/n --> TU/lmtt/m/n on input line 290.
LaTeX Font Info:    Overwriting symbol font `operators' in version `bold'
(Font)                  TU/Arial(0)/m/n --> TU/Arial(0)/b/n on input line 290.
LaTeX Font Info:    Overwriting math alphabet `\mathit' in version `bold'
(Font)                  OT1/cmr/bx/it --> TU/Arial(0)/b/it on input line 290.
LaTeX Font Info:    Overwriting math alphabet `\mathsf' in version `bold'
(Font)                  OT1/cmss/bx/n --> TU/lmss/b/n on input line 290.
LaTeX Font Info:    Overwriting math alphabet `\mathtt' in version `bold'
(Font)                  OT1/cmtt/m/n --> TU/lmtt/b/n on input line 290.
Package biblatex Info: Trying to load language 'UKenglish'...
Package biblatex Info: ... file 'UKenglish.lbx' found.

(/usr/local/texlive/2025/texmf-dist/tex/latex/biblatex/lbx/UKenglish.lbx
File: UKenglish.lbx 2024/03/21 v3.20 biblatex localization (PK/MW)
Package biblatex Info: Trying to load language 'british'...
Package biblatex Info: ... file 'british.lbx' found.

(/usr/local/texlive/2025/texmf-dist/tex/latex/biblatex/lbx/british.lbx
File: british.lbx 2024/03/21 v3.20 biblatex localization (PK/MW)
)
Package biblatex Info: Trying to load language 'british'...
Package biblatex Info: ... file 'british.lbx' found.

(/usr/local/texlive/2025/texmf-dist/tex/latex/biblatex/lbx/british.lbx
File: british.lbx 2024/03/21 v3.20 biblatex localization (PK/MW)
Package biblatex Info: Trying to load language 'english'...
Package biblatex Info: ... file 'english.lbx' found.

(/usr/local/texlive/2025/texmf-dist/tex/latex/biblatex/lbx/english.lbx
File: english.lbx 2024/03/21 v3.20 biblatex localization (PK/MW)
)))
Package biblatex Info: XeTeX detected.
(biblatex)             Assuming input encoding 'utf8'.
Package biblatex Info: Automatic encoding selection.
(biblatex)             Assuming data encoding 'utf8'.
\openout3 = `Thesis.bcf'.

Package biblatex Info: Trying to load bibliographic data...
Package biblatex Info: ... file 'Thesis.bbl' not found.

No file Thesis.bbl.
Package biblatex Info: Reference section=0 on input line 290.
Package biblatex Info: Reference segment=0 on input line 290.
Package caption Info: Begin \AtBeginDocument code.
Package caption Info: float package is loaded.
Package caption Info: hyperref package is loaded.
Package caption Info: longtable package is loaded.
(/usr/local/texlive/2025/texmf-dist/tex/latex/caption/ltcaption.sty
Package: ltcaption 2021/01/08 v1.4c longtable captions (AR)
)
Package caption Info: supertabular package is loaded.
Package caption Info: End \AtBeginDocument code.
Package microtype Info: Patching varwidth to enable character protrusion.
\MT@vwid@leftmargin=\dimen355
\MT@vwid@rightmargin=\dimen356
LaTeX Info: Redefining \microtypecontext on input line 290.
Package microtype Info: Applying patch `item' on input line 290.
Package microtype Info: Applying patch `toc' on input line 290.
Package microtype Info: Applying patch `eqnum' on input line 290.
Package microtype Info: Applying patch `footnote' on input line 290.
Package microtype Info: Applying patch `verbatim' on input line 290.
LaTeX Info: Redefining \microtypesetup on input line 290.
Package microtype Info: Character protrusion enabled (level 2).
Package microtype Info: Using default protrusion set `alltext'.
Package microtype Info: No adjustment of tracking.
Package microtype Info: No adjustment of spacing.
Package microtype Info: No adjustment of kerning.
Package microtype Info: Loading generic protrusion settings for font family
(microtype)             `Arial' (encoding: TU).
(microtype)             For optimal results, create family-specific settings.
(microtype)             See the microtype manual for details.

*geometry* driver: auto-detecting
*geometry* detected driver: xetex
*geometry* verbose mode - [ preamble ] result:
* driver: xetex
* paper: a4paper
* layout: <same size as paper>
* layoutoffset:(h,v)=(0.0pt,0.0pt)
* modes: includehead includefoot twoside 
* h-part:(L,W,R)=(85.35826pt, 426.79135pt, 85.35826pt)
* v-part:(T,H,B)=(56.9055pt, 731.23584pt, 56.9055pt)
* \paperwidth=597.50787pt
* \paperheight=845.04684pt
* \textwidth=426.79135pt
* \textheight=669.36205pt
* \oddsidemargin=13.08827pt
* \evensidemargin=13.08827pt
* \topmargin=-15.36449pt
* \headheight=14.0pt
* \headsep=19.8738pt
* \topskip=12.0pt
* \footskip=30.0pt
* \marginparwidth=88.0pt
* \marginparsep=7.0pt
* \columnsep=10.0pt
* \skip\footins=10.8pt plus 4.0pt minus 2.0pt
* \hoffset=0.0pt
* \voffset=0.0pt
* \mag=1000
* \@twocolumnfalse
* \@twosidetrue
* \@mparswitchtrue
* \@reversemarginfalse
* (1in=72.27pt=25.4mm, 1cm=28.453pt)

Package hyperref Info: Link coloring OFF on input line 290.
(./Thesis.out) (./Thesis.out)
\@outlinefile=\write8
\openout8 = `Thesis.out'.

File: exeter.png Graphic file (type bmp)
<exeter.png>
File: signature.png Graphic file (type bmp)
<signature.png>
LaTeX Font Info:    Trying to load font information for U+msa on input line 294
.

(/usr/local/texlive/2025/texmf-dist/tex/latex/amsfonts/umsa.fd
File: umsa.fd 2013/01/14 v3.01 AMS symbols A
)
(/usr/local/texlive/2025/texmf-dist/tex/latex/microtype/mt-msa.cfg
File: mt-msa.cfg 2006/02/04 v1.1 microtype config. file: AMS symbols (a) (RS)
)
LaTeX Font Info:    Trying to load font information for U+msb on input line 294
.

(/usr/local/texlive/2025/texmf-dist/tex/latex/amsfonts/umsb.fd
File: umsb.fd 2013/01/14 v3.01 AMS symbols B
)
(/usr/local/texlive/2025/texmf-dist/tex/latex/microtype/mt-msb.cfg
File: mt-msb.cfg 2005/06/01 v1.0 microtype config. file: AMS symbols (b) (RS)
)
(/usr/local/texlive/2025/texmf-dist/tex/latex/microtype/mt-cmr.cfg
File: mt-cmr.cfg 2013/05/19 v2.2 microtype config. file: Computer Modern Roman 
(RS)
)

[1

\openout5 = `Thesis.ist'.



]


Package fancyhdr Warning: \headheight is too small (14.0pt): 
(fancyhdr)                Make it at least 14.49998pt, for example:
(fancyhdr)                \setlength{\headheight}{14.49998pt}.
(fancyhdr)                You might also make \topmargin smaller:
(fancyhdr)                \addtolength{\topmargin}{-0.49998pt}.

[2]
\openout2 = `ch0/abstract.aux'.

 (./ch0/abstract.tex
Overfull \hbox (3.64606pt too wide) in paragraph at lines 9--21
[]\TU/Arial(0)/m/n/12 The first contribution is the Neighborhood Subgraph Pairw
ise Path Kernel (NSP-
 []



[3



])


Package fancyhdr Warning: \headheight is too small (14.0pt): 
(fancyhdr)                Make it at least 14.49998pt, for example:
(fancyhdr)                \setlength{\headheight}{14.49998pt}.
(fancyhdr)                You might also make \topmargin smaller:
(fancyhdr)                \addtolength{\topmargin}{-0.49998pt}.

[4] (./ch0/acknowledgements.tex
Overfull \hbox (4.20323pt too wide) in paragraph at lines 7--9
[]\TU/Arial(0)/m/n/12 I am also profoundly grateful to my mentor and lifelong f
riend, Dr Döndü Sarışen,
 []

) (./ch0/publication.tex

[5




]


Package fancyhdr Warning: \headheight is too small (14.0pt): 
(fancyhdr)                Make it at least 14.49998pt, for example:
(fancyhdr)                \setlength{\headheight}{14.49998pt}.
(fancyhdr)                You might also make \topmargin smaller:
(fancyhdr)                \addtolength{\topmargin}{-0.49998pt}.

[6

])

[7]


Package fancyhdr Warning: \headheight is too small (14.0pt): 
(fancyhdr)                Make it at least 14.49998pt, for example:
(fancyhdr)                \setlength{\headheight}{14.49998pt}.
(fancyhdr)                You might also make \topmargin smaller:
(fancyhdr)                \addtolength{\topmargin}{-0.49998pt}.

[8

] (./Thesis.toc)
\tf@toc=\write9
\openout9 = `Thesis.toc'.



[9]


Package fancyhdr Warning: \headheight is too small (14.0pt): 
(fancyhdr)                Make it at least 14.49998pt, for example:
(fancyhdr)                \setlength{\headheight}{14.49998pt}.
(fancyhdr)                You might also make \topmargin smaller:
(fancyhdr)                \addtolength{\topmargin}{-0.49998pt}.

[10

] (./Thesis.lof)
\tf@lof=\write10
\openout10 = `Thesis.lof'.



[11]


Package fancyhdr Warning: \headheight is too small (14.0pt): 
(fancyhdr)                Make it at least 14.49998pt, for example:
(fancyhdr)                \setlength{\headheight}{14.49998pt}.
(fancyhdr)                You might also make \topmargin smaller:
(fancyhdr)                \addtolength{\topmargin}{-0.49998pt}.

[12

] (./Thesis.lot)
\tf@lot=\write11
\openout11 = `Thesis.lot'.



[13]


Package fancyhdr Warning: \headheight is too small (14.0pt): 
(fancyhdr)                Make it at least 14.49998pt, for example:
(fancyhdr)                \setlength{\headheight}{14.49998pt}.
(fancyhdr)                You might also make \topmargin smaller:
(fancyhdr)                \addtolength{\topmargin}{-0.49998pt}.

[14

] (./Thesis.loa)
\tf@loa=\write12
\openout12 = `Thesis.loa'.



[15]
\openout2 = `frontmatter/notation.aux'.

 (./frontmatter/notation.tex


Package fancyhdr Warning: \headheight is too small (14.0pt): 
(fancyhdr)                Make it at least 14.49998pt, for example:
(fancyhdr)                \setlength{\headheight}{14.49998pt}.
(fancyhdr)                You might also make \topmargin smaller:
(fancyhdr)                \addtolength{\topmargin}{-0.49998pt}.

[16


] (/usr/local/texlive/2025/texmf-dist/tex/latex/amsfonts/ueuf.fd)
(/usr/local/texlive/2025/texmf-dist/tex/latex/microtype/mt-euf.cfg)
Underfull \hbox (badness 3375) in paragraph at lines 178--178
[]|\TU/Arial(0)/m/n/10.95 NSPPK feature-extraction parameters: maximum anchor-
 []

[17

]

Package fancyhdr Warning: \headheight is too small (14.0pt): 
(fancyhdr)                Make it at least 14.49998pt, for example:
(fancyhdr)                \setlength{\headheight}{14.49998pt}.
(fancyhdr)                You might also make \topmargin smaller:
(fancyhdr)                \addtolength{\topmargin}{-0.49998pt}.

[18]

Package fancyhdr Warning: \headheight is too small (14.0pt): 
(fancyhdr)                Make it at least 14.49998pt, for example:
(fancyhdr)                \setlength{\headheight}{14.49998pt}.
(fancyhdr)                You might also make \topmargin smaller:
(fancyhdr)                \addtolength{\topmargin}{-0.49998pt}.

[19]

Package fancyhdr Warning: \headheight is too small (14.0pt): 
(fancyhdr)                Make it at least 14.49998pt, for example:
(fancyhdr)                \setlength{\headheight}{14.49998pt}.
(fancyhdr)                You might also make \topmargin smaller:
(fancyhdr)                \addtolength{\topmargin}{-0.49998pt}.

[20])


Package fancyhdr Warning: \headheight is too small (14.0pt): 
(fancyhdr)                Make it at least 14.49998pt, for example:
(fancyhdr)                \setlength{\headheight}{14.49998pt}.
(fancyhdr)                You might also make \topmargin smaller:
(fancyhdr)                \addtolength{\topmargin}{-0.49998pt}.

[21]
No file Thesis.acr.



Package fancyhdr Warning: \headheight is too small (14.0pt): 
(fancyhdr)                Make it at least 14.49998pt, for example:
(fancyhdr)                \setlength{\headheight}{14.49998pt}.
(fancyhdr)                You might also make \topmargin smaller:
(fancyhdr)                \addtolength{\topmargin}{-0.49998pt}.

[22


]

[22

]
\openout2 = `ch1/introduction.aux'.

 (./ch1/introduction.tex
Chapter 1.

LaTeX Warning: Citation 'bronstein2017geometric' on page 1 undefined on input l
ine 19.


Overfull \hbox (5.95058pt too wide) in paragraph at lines 19--20
\TU/Arial(0)/m/n/12 tially in size, and often contain irregular local structure
s ([]).
 []


LaTeX Warning: Citation 'nikolentzos2021graph' on page 1 undefined on input lin
e 21.


Overfull \hbox (0.73785pt too wide) in paragraph at lines 21--22
[]\TU/Arial(0)/m/n/12 Graph kernels provide a complementary approach to learnin
g from graph-struc-
 []



[1


]


Package fancyhdr Warning: \headheight is too small (14.0pt): 
(fancyhdr)                Make it at least 14.49998pt, for example:
(fancyhdr)                \setlength{\headheight}{14.49998pt}.
(fancyhdr)                You might also make \topmargin smaller:
(fancyhdr)                \addtolength{\topmargin}{-0.49998pt}.

[2]
Overfull \hbox (0.42221pt too wide) in paragraph at lines 59--63
\TU/Arial(0)/m/n/12 The overall aim of this thesis is to develop graph represen
tation, graph-conditioned
 []


Package enumitem Warning: Negative labelwidth. This does not make much
(enumitem)                sense, on input line 66.


Package enumitem Warning: Negative labelwidth. This does not make much
(enumitem)                sense, on input line 97.




Package fancyhdr Warning: \headheight is too small (14.0pt): 
(fancyhdr)                Make it at least 14.49998pt, for example:
(fancyhdr)                \setlength{\headheight}{14.49998pt}.
(fancyhdr)                You might also make \topmargin smaller:
(fancyhdr)                \addtolength{\topmargin}{-0.49998pt}.

[3]
Overfull \hbox (16.982pt too wide) in paragraph at lines 112--114
\TU/Arial(0)/m/n/12 How can empirical generator comparisons be made more reliab
le through uncertainty-
 []


Underfull \hbox (badness 2990) in paragraph at lines 141--141
[]|\TU/Arial(0)/m/n/10 Quality, Utility, Indistinguishability, Similarity, and
 []


Underfull \hbox (badness 2556) in paragraph at lines 141--141
[]|\TU/Arial(0)/m/n/10 PAC-style reliability checks, repeated resampling,
 []


Overfull \hbox (6.43239pt too wide) in paragraph at lines 152--162
\TU/Arial(0)/m/n/12 features jointly encode the local neighbourhoods around nod
e pairs and the broader
 []




Package fancyhdr Warning: \headheight is too small (14.0pt): 
(fancyhdr)                Make it at least 14.49998pt, for example:
(fancyhdr)                \setlength{\headheight}{14.49998pt}.
(fancyhdr)                You might also make \topmargin smaller:
(fancyhdr)                \addtolength{\topmargin}{-0.49998pt}.

[4]
Overfull \hbox (0.6411pt too wide) in paragraph at lines 163--172
\TU/Arial(0)/m/n/12 ence, node and edge labels, degrees, and edge probabilities
 are predicted through
 []


Underfull \vbox (badness 10000) has occurred while \output is active []




Package fancyhdr Warning: \headheight is too small (14.0pt): 
(fancyhdr)                Make it at least 14.49998pt, for example:
(fancyhdr)                \setlength{\headheight}{14.49998pt}.
(fancyhdr)                You might also make \topmargin smaller:
(fancyhdr)                \addtolength{\topmargin}{-0.49998pt}.

[5])


Package fancyhdr Warning: \headheight is too small (14.0pt): 
(fancyhdr)                Make it at least 14.49998pt, for example:
(fancyhdr)                \setlength{\headheight}{14.49998pt}.
(fancyhdr)                You might also make \topmargin smaller:
(fancyhdr)                \addtolength{\topmargin}{-0.49998pt}.

[6]
\openout2 = `ch2/ch2_1.aux'.

 (./ch2/ch2_1.tex
Chapter 2.

LaTeX Warning: Citation 'newman2003structure' on page 7 undefined on input line
 34.


LaTeX Warning: Citation 'borgwardt2005protein' on page 7 undefined on input lin
e 34.


LaTeX Warning: Citation 'weininger1988smiles' on page 7 undefined on input line
 35.


LaTeX Warning: Citation 'ying2018graph' on page 7 undefined on input line 35.


LaTeX Warning: Citation '10.1145/310889.310919' on page 7 undefined on input li
ne 36.


LaTeX Warning: Citation 'bronstein2017geometric' on page 7 undefined on input l
ine 39.


Overfull \hbox (20.13011pt too wide) in paragraph at lines 32--42
\TU/Arial(0)/m/n/12 chemoinformatics ([]), recommender systems ([]),
 []


Overfull \hbox (136.5037pt too wide) in paragraph at lines 32--42
\TU/Arial(0)/m/n/12 Euclidean structures with variable neighbourhood sizes and 
complex topologies ([]).
 []



[7




]
Overfull \hbox (7.4883pt too wide) in paragraph at lines 43--48
[][]\TU/Arial(0)/b/n/12 Definition 2.1 \TU/Arial(0)/m/n/12 (Graph)\TU/Arial(0)/
b/n/12 . []\TU/Arial(0)/m/n/12 A (finite) graph is a tuple $\OML/cmm/m/it/12 G 
\OT1/cmr/m/n/12 = (\OML/cmm/m/it/12 V; E\OT1/cmr/m/n/12 )$\TU/Arial(0)/m/n/12 ,
 where $\OML/cmm/m/it/12 V \OT1/cmr/m/n/12 = \OMS/cmsy/m/n/12 f\OML/cmm/m/it/12
 v[]; [] ; v[]\OMS/cmsy/m/n/12 g$
 []




Package fancyhdr Warning: \headheight is too small (14.0pt): 
(fancyhdr)                Make it at least 14.49998pt, for example:
(fancyhdr)                \setlength{\headheight}{14.49998pt}.
(fancyhdr)                You might also make \topmargin smaller:
(fancyhdr)                \addtolength{\topmargin}{-0.49998pt}.

[8]
Overfull \hbox (12.01857pt too wide) in paragraph at lines 156--163
[][]\TU/Arial(0)/b/n/12 Definition 2.4 \TU/Arial(0)/m/n/12 (Attributed graph)\T
U/Arial(0)/b/n/12 . []\TU/Arial(0)/m/n/12 An attributed graph is a graph $\OML/
cmm/m/it/12 G \OT1/cmr/m/n/12 = (\OML/cmm/m/it/12 V; E\OT1/cmr/m/n/12 )$ \TU/Ar
ial(0)/m/n/12 equipped
 []




Package fancyhdr Warning: \headheight is too small (14.0pt): 
(fancyhdr)                Make it at least 14.49998pt, for example:
(fancyhdr)                \setlength{\headheight}{14.49998pt}.
(fancyhdr)                You might also make \topmargin smaller:
(fancyhdr)                \addtolength{\topmargin}{-0.49998pt}.

[9]

LaTeX Warning: Citation 'dijkstra1959note' on page 10 undefined on input line 2
26.


Overfull \hbox (7.02057pt too wide) in paragraph at lines 223--227
\TU/Arial(0)/m/n/12 along any path connecting $\OML/cmm/m/it/12 u$ \TU/Arial(0)
/m/n/12 and $\OML/cmm/m/it/12 v$\TU/Arial(0)/m/n/12 . Distances of this form ar
e well defined whenever
 []




Package fancyhdr Warning: \headheight is too small (14.0pt): 
(fancyhdr)                Make it at least 14.49998pt, for example:
(fancyhdr)                \setlength{\headheight}{14.49998pt}.
(fancyhdr)                You might also make \topmargin smaller:
(fancyhdr)                \addtolength{\topmargin}{-0.49998pt}.

[10]


Package fancyhdr Warning: \headheight is too small (14.0pt): 
(fancyhdr)                Make it at least 14.49998pt, for example:
(fancyhdr)                \setlength{\headheight}{14.49998pt}.
(fancyhdr)                You might also make \topmargin smaller:
(fancyhdr)                \addtolength{\topmargin}{-0.49998pt}.

[11]

LaTeX Warning: Citation 'ji2025survey_graph_generation' on page 12 undefined on
 input line 386.

File: images/graph_representation2.pdf Graphic file (type pdf)
<use images/graph_representation2.pdf>

LaTeX Warning: `h' float specifier changed to `ht'.




Package fancyhdr Warning: \headheight is too small (14.0pt): 
(fancyhdr)                Make it at least 14.49998pt, for example:
(fancyhdr)                \setlength{\headheight}{14.49998pt}.
(fancyhdr)                You might also make \topmargin smaller:
(fancyhdr)                \addtolength{\topmargin}{-0.49998pt}.

[12]

LaTeX Warning: Citation 'doi:10.1021/ja01193a005' on page 13 undefined on input
 line 438.


LaTeX Warning: Citation 'brouwer2012spectra' on page 13 undefined on input line
 443.


LaTeX Warning: Citation 'WILSON20082833' on page 13 undefined on input line 445
.


Overfull \hbox (28.20877pt too wide) in paragraph at lines 430--453
\TU/Arial(0)/m/n/12 global structural information in a compact vector represent
ation ([]).
 []


Overfull \hbox (1.58215pt too wide) in paragraph at lines 430--453
\TU/Arial(0)/m/n/12 Although non-isomorphic graphs may share identical spectra 
([]),
 []




Package fancyhdr Warning: \headheight is too small (14.0pt): 
(fancyhdr)                Make it at least 14.49998pt, for example:
(fancyhdr)                \setlength{\headheight}{14.49998pt}.
(fancyhdr)                You might also make \topmargin smaller:
(fancyhdr)                \addtolength{\topmargin}{-0.49998pt}.

[13]

LaTeX Warning: Citation 'vishwanathan2010graph' on page 14 undefined on input l
ine 460.


LaTeX Warning: Citation 'kriege2020survey' on page 14 undefined on input line 4
60.




Package fancyhdr Warning: \headheight is too small (14.0pt): 
(fancyhdr)                Make it at least 14.49998pt, for example:
(fancyhdr)                \setlength{\headheight}{14.49998pt}.
(fancyhdr)                You might also make \topmargin smaller:
(fancyhdr)                \addtolength{\topmargin}{-0.49998pt}.

[14]

LaTeX Warning: Citation 'Aronszajn1950TheoryOR' on page 15 undefined on input l
ine 506.


Overfull \hbox (65.97525pt too wide) in paragraph at lines 504--507
\TU/Arial(0)/m/n/12 and is therefore called a \TU/Arial(0)/m/it/12 reproducing 
kernel Hilbert space \TU/Arial(0)/m/n/12 (RKHS) ([]). 
 []


LaTeX Warning: Citation 'scholkopf2001learning' on page 15 undefined on input l
ine 511.


LaTeX Warning: Citation 'soton259580' on page 15 undefined on input line 511.


LaTeX Warning: Citation 'gartner2003graph' on page 15 undefined on input line 5
14.


Overfull \hbox (65.77637pt too wide) in paragraph at lines 508--515
\TU/Arial(0)/m/n/12 strings, trees, or graphs—that do not admit natural vector 
representations ([]). 
 []


Overfull \hbox (4.14801pt too wide) in paragraph at lines 524--528
\TU/Arial(0)/m/n/12 responding vector-space representations and enable the use 
of kernel-based learn-
 []


LaTeX Warning: Citation 'kashima2003marginalized' on page 15 undefined on input
 line 536.


LaTeX Warning: Citation 'gartner2003graph' on page 15 undefined on input line 5
36.


LaTeX Warning: Citation 'perozzi2014deepwalk' on page 15 undefined on input lin
e 539.


LaTeX Warning: Citation 'grover2016node2vec' on page 15 undefined on input line
 539.


Overfull \hbox (2.98209pt too wide) in paragraph at lines 529--541
\TU/Arial(0)/m/n/12 random-walk–based embeddings such as DeepWalk ([]) and
 []


Overfull \hbox (5.23013pt too wide) in paragraph at lines 529--541
\TU/Arial(0)/m/n/12 node2vec ([]).These methods produce vector representations
 []


Underfull \vbox (badness 10000) has occurred while \output is active []




Package fancyhdr Warning: \headheight is too small (14.0pt): 
(fancyhdr)                Make it at least 14.49998pt, for example:
(fancyhdr)                \setlength{\headheight}{14.49998pt}.
(fancyhdr)                You might also make \topmargin smaller:
(fancyhdr)                \addtolength{\topmargin}{-0.49998pt}.

[15]

LaTeX Warning: Citation 'haussler1999' on page 16 undefined on input line 544.


LaTeX Warning: Citation 'kriege2020survey' on page 16 undefined on input line 5
68.


LaTeX Warning: `h' float specifier changed to `ht'.




Package fancyhdr Warning: \headheight is too small (14.0pt): 
(fancyhdr)                Make it at least 14.49998pt, for example:
(fancyhdr)                \setlength{\headheight}{14.49998pt}.
(fancyhdr)                You might also make \topmargin smaller:
(fancyhdr)                \addtolength{\topmargin}{-0.49998pt}.

[16]

LaTeX Warning: Citation 'kashima2003marginalized' on page 17 undefined on input
 line 624.


Overfull \hbox (6.34215pt too wide) in paragraph at lines 624--628
 []\TU/Arial(0)/b/n/12 Marginalized random-walk kernel.[] \TU/Arial(0)/m/n/12 K
ashima et al. ([])
 []


LaTeX Warning: Citation 'vishwanathan2010graph' on page 17 undefined on input l
ine 644.


LaTeX Warning: Citation 'borgwardt2005shortest' on page 17 undefined on input l
ine 652.




Package fancyhdr Warning: \headheight is too small (14.0pt): 
(fancyhdr)                Make it at least 14.49998pt, for example:
(fancyhdr)                \setlength{\headheight}{14.49998pt}.
(fancyhdr)                You might also make \topmargin smaller:
(fancyhdr)                \addtolength{\topmargin}{-0.49998pt}.

[17]

LaTeX Warning: Citation 'cormen2009introduction' on page 18 undefined on input 
line 683.


LaTeX Warning: Citation 'shervashidze2009efficient' on page 18 undefined on inp
ut line 692.




Package fancyhdr Warning: \headheight is too small (14.0pt): 
(fancyhdr)                Make it at least 14.49998pt, for example:
(fancyhdr)                \setlength{\headheight}{14.49998pt}.
(fancyhdr)                You might also make \topmargin smaller:
(fancyhdr)                \addtolength{\topmargin}{-0.49998pt}.

[18]

LaTeX Warning: Citation 'shervashidze2011weisfeiler' on page 19 undefined on in
put line 737.


LaTeX Warning: Citation 'costa2010fast' on page 19 undefined on input line 805.





Package fancyhdr Warning: \headheight is too small (14.0pt): 
(fancyhdr)                Make it at least 14.49998pt, for example:
(fancyhdr)                \setlength{\headheight}{14.49998pt}.
(fancyhdr)                You might also make \topmargin smaller:
(fancyhdr)                \addtolength{\topmargin}{-0.49998pt}.

[19]
Underfull \vbox (badness 10000) has occurred while \output is active []




Package fancyhdr Warning: \headheight is too small (14.0pt): 
(fancyhdr)                Make it at least 14.49998pt, for example:
(fancyhdr)                \setlength{\headheight}{14.49998pt}.
(fancyhdr)                You might also make \topmargin smaller:
(fancyhdr)                \addtolength{\topmargin}{-0.49998pt}.

[20]

LaTeX Warning: Citation 'neumann2016propagation' on page 21 undefined on input 
line 898.


Overfull \hbox (11.70265pt too wide) in paragraph at lines 898--902
\TU/Arial(0)/m/n/12 The Propagation Kernel (PK) ([]) extends neighbourhood-
 []




Package fancyhdr Warning: \headheight is too small (14.0pt): 
(fancyhdr)                Make it at least 14.49998pt, for example:
(fancyhdr)                \setlength{\headheight}{14.49998pt}.
(fancyhdr)                You might also make \topmargin smaller:
(fancyhdr)                \addtolength{\topmargin}{-0.49998pt}.

[21]

LaTeX Warning: Citation 'feragen2013scalable' on page 22 undefined on input lin
e 943.


Overfull \hbox (2.81216pt too wide) in paragraph at lines 972--974
[]\TU/Arial(0)/m/n/12 The path kernel compares nodes encountered at correspondi
ng positions along
 []




Package fancyhdr Warning: \headheight is too small (14.0pt): 
(fancyhdr)                Make it at least 14.49998pt, for example:
(fancyhdr)                \setlength{\headheight}{14.49998pt}.
(fancyhdr)                You might also make \topmargin smaller:
(fancyhdr)                \addtolength{\topmargin}{-0.49998pt}.

[22]

LaTeX Warning: Citation 'kondor2016multiscalelaplaciangraphkernel' on page 23 u
ndefined on input line 1023.


Overfull \hbox (74.9007pt too wide) in paragraph at lines 1022--1027
\TU/Arial(0)/m/n/12 The Multiscale Laplacian Graph Kernel (MLGK) ([])
 []


Overfull \hbox (2.42982pt too wide) in paragraph at lines 1059--1068
\TU/Arial(0)/m/n/12 worst-case complexity up to $\OMS/cmsy/m/n/12 O\OT1/cmr/m/n
/12 (\OML/cmm/m/it/12 n[]l[]\OT1/cmr/m/n/12 )$\TU/Arial(0)/m/n/12 . Practical i
mplementations employ Nyström-
 []


LaTeX Warning: Citation 'togninalli2019wasserstein' on page 23 undefined on inp
ut line 1080.


Underfull \vbox (badness 3396) has occurred while \output is active []




Package fancyhdr Warning: \headheight is too small (14.0pt): 
(fancyhdr)                Make it at least 14.49998pt, for example:
(fancyhdr)                \setlength{\headheight}{14.49998pt}.
(fancyhdr)                You might also make \topmargin smaller:
(fancyhdr)                \addtolength{\topmargin}{-0.49998pt}.

[23]
Overfull \hbox (5.59418pt too wide) in paragraph at lines 1143--1145
 []\TU/Arial(0)/b/n/12 Kernel construction.[] \TU/Arial(0)/m/n/12 The WWL kerne
l is obtained by exponentiating the Wasser-
 []




Package fancyhdr Warning: \headheight is too small (14.0pt): 
(fancyhdr)                Make it at least 14.49998pt, for example:
(fancyhdr)                \setlength{\headheight}{14.49998pt}.
(fancyhdr)                You might also make \topmargin smaller:
(fancyhdr)                \addtolength{\topmargin}{-0.49998pt}.

[24]

LaTeX Warning: Citation 'morris2016fasterkernelsgraphscontinuous' on page 25 un
defined on input line 1167.


Overfull \hbox (0.97185pt too wide) in paragraph at lines 1167--1171
[] \TU/Arial(0)/m/n/12 propose \TU/Arial(0)/m/it/12 hash graph kernels\TU/Arial
(0)/m/n/12 , a gen-
 []




Package fancyhdr Warning: \headheight is too small (14.0pt): 
(fancyhdr)                Make it at least 14.49998pt, for example:
(fancyhdr)                \setlength{\headheight}{14.49998pt}.
(fancyhdr)                You might also make \topmargin smaller:
(fancyhdr)                \addtolength{\topmargin}{-0.49998pt}.

[25]


Package fancyhdr Warning: \headheight is too small (14.0pt): 
(fancyhdr)                Make it at least 14.49998pt, for example:
(fancyhdr)                \setlength{\headheight}{14.49998pt}.
(fancyhdr)                You might also make \topmargin smaller:
(fancyhdr)                \addtolength{\topmargin}{-0.49998pt}.

[26]

LaTeX Warning: Citation 'hoang2023graph' on page 27 undefined on input line 128
7.


LaTeX Warning: Citation 'cao2015grarep' on page 27 undefined on input line 1287
.


LaTeX Warning: Citation 'dettmers2018convolutional' on page 27 undefined on inp
ut line 1287.


Overfull \hbox (2.7442pt too wide) in paragraph at lines 1287--1289
\TU/Arial(0)/m/n/12 ([]).While effective in capturing global structural inform-

 []


LaTeX Warning: Citation 'Chen_2020' on page 27 undefined on input line 1294.


LaTeX Warning: Citation 'perozzi2014deepwalk' on page 27 undefined on input lin
e 1294.


LaTeX Warning: Citation 'grover2016node2vec' on page 27 undefined on input line
 1294.




Package fancyhdr Warning: \headheight is too small (14.0pt): 
(fancyhdr)                Make it at least 14.49998pt, for example:
(fancyhdr)                \setlength{\headheight}{14.49998pt}.
(fancyhdr)                You might also make \topmargin smaller:
(fancyhdr)                \addtolength{\topmargin}{-0.49998pt}.

[27]
Overfull \hbox (8.28185pt too wide) in paragraph at lines 1300--1306
\TU/Arial(0)/m/n/12 gregation; instead, they encode structural information thro
ugh reconstruction-based
 []


LaTeX Warning: Citation 'tang2015line' on page 28 undefined on input line 1307.



LaTeX Warning: Citation 'Wang2016StructuralDN' on page 28 undefined on input li
ne 1310.


LaTeX Warning: Citation 'Cao_Lu_Xu_2016' on page 28 undefined on input line 131
4.




Package fancyhdr Warning: \headheight is too small (14.0pt): 
(fancyhdr)                Make it at least 14.49998pt, for example:
(fancyhdr)                \setlength{\headheight}{14.49998pt}.
(fancyhdr)                You might also make \topmargin smaller:
(fancyhdr)                \addtolength{\topmargin}{-0.49998pt}.

[28]


Package fancyhdr Warning: \headheight is too small (14.0pt): 
(fancyhdr)                Make it at least 14.49998pt, for example:
(fancyhdr)                \setlength{\headheight}{14.49998pt}.
(fancyhdr)                You might also make \topmargin smaller:
(fancyhdr)                \addtolength{\topmargin}{-0.49998pt}.

[29]

LaTeX Warning: Citation 'li2016ggnn' on page 30 undefined on input line 1414.


LaTeX Warning: Citation 'selsam2019sat' on page 30 undefined on input line 1414
.


LaTeX Warning: Citation 'tonshoff2023csp' on page 30 undefined on input line 14
14.


LaTeX Warning: Citation 'kipf2017semi' on page 30 undefined on input line 1414.



LaTeX Warning: Citation 'bruna2014spectral' on page 30 undefined on input line 
1415.


LaTeX Warning: Citation 'defferrard2016cnn' on page 30 undefined on input line 
1415.


LaTeX Warning: Citation 'hamilton2017graphsage' on page 30 undefined on input l
ine 1415.


LaTeX Warning: Citation 'velivckovic2018gat' on page 30 undefined on input line
 1415.


LaTeX Warning: Citation 'xu2019powerful' on page 30 undefined on input line 141
5.


Overfull \hbox (6.83394pt too wide) in paragraph at lines 1414--1416
\TU/Arial(0)/m/n/12 wise transformations with distinct parameters at each depth
 ([]). Graph
 []


LaTeX Warning: Citation 'velivckovic2018gat' on page 30 undefined on input line
 1417.


LaTeX Warning: Citation 'kipf2016vgae' on page 30 undefined on input line 1417.



LaTeX Warning: Citation 'dwivedi2021graph' on page 30 undefined on input line 1
417.


LaTeX Warning: Citation 'ying2021transformers' on page 30 undefined on input li
ne 1417.


LaTeX Warning: Citation 'kreuzer2021rethinking' on page 30 undefined on input l
ine 1417.


LaTeX Warning: Citation 'rampavsek2022recipe' on page 30 undefined on input lin
e 1417.


Overfull \hbox (81.17413pt too wide) in paragraph at lines 1417--1418
\TU/Arial(0)/m/n/12 ([]; []; []; []).
 []




Package fancyhdr Warning: \headheight is too small (14.0pt): 
(fancyhdr)                Make it at least 14.49998pt, for example:
(fancyhdr)                \setlength{\headheight}{14.49998pt}.
(fancyhdr)                You might also make \topmargin smaller:
(fancyhdr)                \addtolength{\topmargin}{-0.49998pt}.

[30]

LaTeX Warning: Citation 'oono2019graph' on page 31 undefined on input line 1435
.


Overfull \hbox (17.32948pt too wide) in paragraph at lines 1435--1437
\TU/Arial(0)/m/it/12 smoothing\TU/Arial(0)/m/n/12 , where node representations 
become indistinguishable ([]).
 []


LaTeX Warning: Citation 'dwivedi2021graph' on page 31 undefined on input line 1
472.


LaTeX Warning: Citation 'ying2021transformers' on page 31 undefined on input li
ne 1472.


LaTeX Warning: Citation 'kreuzer2021rethinking' on page 31 undefined on input l
ine 1472.


LaTeX Warning: Citation 'rampavsek2022recipe' on page 31 undefined on input lin
e 1472.


Overfull \hbox (71.33374pt too wide) in paragraph at lines 1464--1475
\TU/Arial(0)/m/n/12 GNNs on tasks requiring global reasoning or complex attribu
te interactions ([];
 []




Package fancyhdr Warning: \headheight is too small (14.0pt): 
(fancyhdr)                Make it at least 14.49998pt, for example:
(fancyhdr)                \setlength{\headheight}{14.49998pt}.
(fancyhdr)                You might also make \topmargin smaller:
(fancyhdr)                \addtolength{\topmargin}{-0.49998pt}.

[31]
File: images/graph_models.pdf Graphic file (type pdf)
<use images/graph_models.pdf>

Overfull \hbox (175.78465pt too wide) in paragraph at lines 1505--1521
 []|  [] 
 []


Underfull \vbox (badness 10000) has occurred while \output is active []




Package fancyhdr Warning: \headheight is too small (14.0pt): 
(fancyhdr)                Make it at least 14.49998pt, for example:
(fancyhdr)                \setlength{\headheight}{14.49998pt}.
(fancyhdr)                You might also make \topmargin smaller:
(fancyhdr)                \addtolength{\topmargin}{-0.49998pt}.

[32]
Underfull \vbox (badness 10000) has occurred while \output is active []




Package fancyhdr Warning: \headheight is too small (14.0pt): 
(fancyhdr)                Make it at least 14.49998pt, for example:
(fancyhdr)                \setlength{\headheight}{14.49998pt}.
(fancyhdr)                You might also make \topmargin smaller:
(fancyhdr)                \addtolength{\topmargin}{-0.49998pt}.

[33]

LaTeX Warning: Citation 'graph' on page 34 undefined on input line 1547.


LaTeX Warning: Citation 'bojchevski2018netgan' on page 34 undefined on input li
ne 1548.


LaTeX Warning: Citation 'dai2020scalable' on page 34 undefined on input line 15
49.


LaTeX Warning: Citation 'zhao2023graphgpt' on page 34 undefined on input line 1
552.


Overfull \hbox (41.54698pt too wide) in paragraph at lines 1541--1556
\TU/Arial(0)/m/n/12 erates nodes and their adjacency vectors sequentially, NetG
AN ([]),
 []


Overfull \hbox (12.57779pt too wide) in paragraph at lines 1541--1556
\TU/Arial(0)/m/n/12 model–inspired approaches that tokenize graph structures in
to reversible sequences
 []


LaTeX Warning: Citation 'kingma2013auto' on page 34 undefined on input line 156
5.


LaTeX Warning: Citation 'rezende2014stochastic' on page 34 undefined on input l
ine 1565.


LaTeX Warning: Citation 'kipf2016vgae' on page 34 undefined on input line 1572.



LaTeX Warning: Citation 'simonovsky2018graphvae' on page 34 undefined on input 
line 1573.


Overfull \hbox (31.5598pt too wide) in paragraph at lines 1557--1574
\TU/Arial(0)/m/n/12 entative approaches include the Variational Graph Autoencod
er (VGAE) ([])
 []


Overfull \hbox (41.38455pt too wide) in paragraph at lines 1557--1574
\TU/Arial(0)/m/n/12 and subsequent extensions for structured graph generation (
[]). 
 []




Package fancyhdr Warning: \headheight is too small (14.0pt): 
(fancyhdr)                Make it at least 14.49998pt, for example:
(fancyhdr)                \setlength{\headheight}{14.49998pt}.
(fancyhdr)                You might also make \topmargin smaller:
(fancyhdr)                \addtolength{\topmargin}{-0.49998pt}.

[34]

LaTeX Warning: Citation 'wang2018graphgan' on page 35 undefined on input line 1
604.


LaTeX Warning: Citation 'bojchevski2018netgan' on page 35 undefined on input li
ne 1605.


LaTeX Warning: Citation 'de2018molgan' on page 35 undefined on input line 1608.



Overfull \hbox (40.94646pt too wide) in paragraph at lines 1596--1614
\TU/Arial(0)/m/n/12 able optimisation. Representative approaches include GraphG
AN ([]),
 []


Overfull \hbox (58.12057pt too wide) in paragraph at lines 1596--1614
\TU/Arial(0)/m/n/12 which models vertex connectivity via adversarial learning; 
NetGAN ([]),
 []


Underfull \vbox (badness 2486) has occurred while \output is active []




Package fancyhdr Warning: \headheight is too small (14.0pt): 
(fancyhdr)                Make it at least 14.49998pt, for example:
(fancyhdr)                \setlength{\headheight}{14.49998pt}.
(fancyhdr)                You might also make \topmargin smaller:
(fancyhdr)                \addtolength{\topmargin}{-0.49998pt}.

[35]

LaTeX Warning: Citation 'zang2020moflow' on page 36 undefined on input line 163
8.


LaTeX Warning: Citation 'lu2022graphdf' on page 36 undefined on input line 1642
.


LaTeX Warning: Citation 'hou2024improving' on page 36 undefined on input line 1
646.


Overfull \hbox (11.94333pt too wide) in paragraph at lines 1633--1654
\TU/Arial(0)/m/n/12 graph generation, early flow-based approaches such as MoFlo
w ([])
 []


Overfull \hbox (1.19646pt too wide) in paragraph at lines 1658--1661
 []\TU/Arial(0)/b/n/12 Limitations[] \TU/Arial(0)/m/n/12 Despite substantial ad
vances, existing deep generative models con-
 []


LaTeX Warning: Citation 'simonovsky2018graphvae' on page 36 undefined on input 
line 1667.


LaTeX Warning: Citation 'de2018molgan' on page 36 undefined on input line 1671.



LaTeX Warning: Citation 'cornish2020relaxing' on page 36 undefined on input lin
e 1676.


Overfull \hbox (6.06424pt too wide) in paragraph at lines 1662--1677
\TU/Arial(0)/m/n/12 scale node–edge dependencies inherent to graph topology ([]
). 
 []


Underfull \vbox (badness 10000) has occurred while \output is active []




Package fancyhdr Warning: \headheight is too small (14.0pt): 
(fancyhdr)                Make it at least 14.49998pt, for example:
(fancyhdr)                \setlength{\headheight}{14.49998pt}.
(fancyhdr)                You might also make \topmargin smaller:
(fancyhdr)                \addtolength{\topmargin}{-0.49998pt}.

[36]

LaTeX Warning: Citation 'song2019generative' on page 37 undefined on input line
 1696.


LaTeX Warning: Citation 'ho2020ddpm' on page 37 undefined on input line 1702.


LaTeX Warning: Citation 'song2020score' on page 37 undefined on input line 1706
.


LaTeX Warning: Citation 'norris1998markov' on page 37 undefined on input line 1
718.




Package fancyhdr Warning: \headheight is too small (14.0pt): 
(fancyhdr)                Make it at least 14.49998pt, for example:
(fancyhdr)                \setlength{\headheight}{14.49998pt}.
(fancyhdr)                You might also make \topmargin smaller:
(fancyhdr)                \addtolength{\topmargin}{-0.49998pt}.

[37]
Overfull \hbox (2.76688pt too wide) in paragraph at lines 1736--1739
\TU/Arial(0)/m/n/12 which allows noisy latent variables to be sampled at arbitr
ary diffusion times without
 []


LaTeX Warning: Citation 'ho2020ddpm' on page 38 undefined on input line 1753.


LaTeX Warning: Citation 'kullback1951information' on page 38 undefined on input
 line 1753.


LaTeX Warning: Citation 'robert2004montecarlo' on page 38 undefined on input li
ne 1755.


LaTeX Warning: Citation 'ho2020ddpm' on page 38 undefined on input line 1758.


LaTeX Warning: Citation 'yang2023diffusion_survey' on page 38 undefined on inpu
t line 1772.


Overfull \hbox (56.05162pt too wide) in paragraph at lines 1770--1778
\TU/Arial(0)/m/n/12 This formulation is closely related to denoising score matc
hing ([]).
 []


Overfull \hbox (2.09087pt too wide) in paragraph at lines 1770--1778
\TU/Arial(0)/m/n/12 Generation proceeds by sampling $\OML/cmm/m/it/12 x[] \OMS/
cmsy/m/n/12 ^^X N\OT1/cmr/m/n/12 (0\OML/cmm/m/it/12 ; I\OT1/cmr/m/n/12 )$ \TU/A
rial(0)/m/n/12 and iteratively applying the learned
 []


LaTeX Warning: Citation 'ho2022cascaded' on page 38 undefined on input line 178
5.


LaTeX Warning: Citation 'kong2021diffwave' on page 38 undefined on input line 1
785.


LaTeX Warning: Citation 'luo2021pointcloud' on page 38 undefined on input line 
1785.


LaTeX Warning: Citation 'jo2022gdss' on page 38 undefined on input line 1794.


LaTeX Warning: Citation 'vignac2022digress' on page 38 undefined on input line 
1794.


Overfull \hbox (4.31131pt too wide) in paragraph at lines 1783--1795
\TU/Arial(0)/m/n/12 domain-specific validity constraints such as connectivity, 
bounded degree, or chem-
 []


Underfull \vbox (badness 10000) has occurred while \output is active []




Package fancyhdr Warning: \headheight is too small (14.0pt): 
(fancyhdr)                Make it at least 14.49998pt, for example:
(fancyhdr)                \setlength{\headheight}{14.49998pt}.
(fancyhdr)                You might also make \topmargin smaller:
(fancyhdr)                \addtolength{\topmargin}{-0.49998pt}.

[38]

LaTeX Warning: Citation 'vignac2022digress' on page 39 undefined on input line 
1806.


LaTeX Warning: Citation 'hoogeboom2022equivariant' on page 39 undefined on inpu
t line 1814.


LaTeX Warning: Citation 'ho2022classifier' on page 39 undefined on input line 1
816.


LaTeX Warning: Citation 'song2019generative' on page 39 undefined on input line
 1820.


LaTeX Warning: Citation 'song2020score' on page 39 undefined on input line 1820
.


LaTeX Warning: Citation 'niu2020permutation' on page 39 undefined on input line
 1826.


LaTeX Warning: Citation 'shi2021learning' on page 39 undefined on input line 18
28.


Overfull \hbox (4.84807pt too wide) in paragraph at lines 1818--1831
\TU/Arial(0)/m/n/12 jacency matrices, node embeddings, or geometric coordinates
. A noise-conditional
 []


Overfull \hbox (0.33366pt too wide) in paragraph at lines 1818--1831
\TU/Arial(0)/m/n/12 ([]), which applies score-based modelling directly to molec
ular con-
 []


LaTeX Warning: Citation 'song2020score' on page 39 undefined on input line 1835
.


LaTeX Warning: Citation 'huang2022graphgdp' on page 39 undefined on input line 
1839.


LaTeX Warning: Citation 'jo2022gdss' on page 39 undefined on input line 1839.


LaTeX Warning: Citation 'luo2023fast' on page 39 undefined on input line 1846.


Overfull \hbox (4.42223pt too wide) in paragraph at lines 1832--1847
\TU/Arial(0)/m/n/12 generalised to continuous time using stochastic differentia
l equations (Score SDEs)
 []


Overfull \hbox (23.78116pt too wide) in paragraph at lines 1832--1847
\TU/Arial(0)/m/n/12 tial equations driven by the learned score function. GraphG
DP ([])
 []


Overfull \hbox (21.7537pt too wide) in paragraph at lines 1832--1847
\TU/Arial(0)/m/n/12 in structured subspaces that better preserve informative gr
aph structure ([]). 
 []




Package fancyhdr Warning: \headheight is too small (14.0pt): 
(fancyhdr)                Make it at least 14.49998pt, for example:
(fancyhdr)                \setlength{\headheight}{14.49998pt}.
(fancyhdr)                You might also make \topmargin smaller:
(fancyhdr)                \addtolength{\topmargin}{-0.49998pt}.

[39]
Overfull \hbox (2.51166pt too wide) in paragraph at lines 1848--1858
[]\TU/Arial(0)/b/n/12 Design trade-offs and structural limitations. \TU/Arial(0
)/m/n/12 Across these paradigms, graph
 []


LaTeX Warning: Citation 'theis2016note' on page 40 undefined on input line 1883
.




Package fancyhdr Warning: \headheight is too small (14.0pt): 
(fancyhdr)                Make it at least 14.49998pt, for example:
(fancyhdr)                \setlength{\headheight}{14.49998pt}.
(fancyhdr)                You might also make \topmargin smaller:
(fancyhdr)                \addtolength{\topmargin}{-0.49998pt}.

[40]

LaTeX Warning: Citation 'salimans2016improved' on page 41 undefined on input li
ne 1891.


LaTeX Warning: Citation 'heusel2017gans' on page 41 undefined on input line 189
2.


LaTeX Warning: Citation 'gretton2012kernel' on page 41 undefined on input line 
1893.


LaTeX Warning: Citation 'binkowski2018demystifying' on page 41 undefined on inp
ut line 1893.


LaTeX Warning: Citation 'theis2016note' on page 41 undefined on input line 1898
.


LaTeX Warning: Citation 'barratt2018note' on page 41 undefined on input line 18
98.


LaTeX Warning: Citation 'chong2020effectively' on page 41 undefined on input li
ne 1898.


LaTeX Warning: Citation 'parmar2022aliased' on page 41 undefined on input line 
1898.


LaTeX Warning: Citation 'borji2019pros' on page 41 undefined on input line 1898
.


LaTeX Warning: Citation 'borji2022pros' on page 41 undefined on input line 1898
.


LaTeX Warning: Citation 'betzalel2024evaluation' on page 41 undefined on input 
line 1898.


LaTeX Warning: Citation 'stein2023exposing' on page 41 undefined on input line 
1898.


LaTeX Warning: Citation 'betzalel2024evaluation' on page 41 undefined on input 
line 1901.


LaTeX Warning: Citation 'obrady2021evaluation' on page 41 undefined on input li
ne 1923.


LaTeX Warning: Citation 'kullback1951information' on page 41 undefined on input
 line 1924.


Overfull \hbox (4.23979pt too wide) in paragraph at lines 1919--1926
\TU/Arial(0)/m/n/12 ([]). Related divergences, such as average Kullback–Leibler

 []


Underfull \vbox (badness 10000) has occurred while \output is active []




Package fancyhdr Warning: \headheight is too small (14.0pt): 
(fancyhdr)                Make it at least 14.49998pt, for example:
(fancyhdr)                \setlength{\headheight}{14.49998pt}.
(fancyhdr)                You might also make \topmargin smaller:
(fancyhdr)                \addtolength{\topmargin}{-0.49998pt}.

[41]

LaTeX Warning: Citation 'sajjadi2018assessing' on page 42 undefined on input li
ne 1930.


LaTeX Warning: Citation 'kynkaanniemi2019improved' on page 42 undefined on inpu
t line 1930.


LaTeX Warning: Citation 'naeem2020reliable' on page 42 undefined on input line 
1931.


LaTeX Warning: Citation 'friedman2023vendi' on page 42 undefined on input line 
1932.


LaTeX Warning: Citation 'pasarkar2024cousins' on page 42 undefined on input lin
e 1932.


LaTeX Warning: Citation 'jalali2024fkea' on page 42 undefined on input line 193
2.


LaTeX Warning: Citation 'luo2024converge' on page 42 undefined on input line 19
32.


LaTeX Warning: Citation 'parmar2022aliased' on page 42 undefined on input line 
1937.


LaTeX Warning: Citation 'betzalel2024evaluation' on page 42 undefined on input 
line 1937.


LaTeX Warning: Citation 'stein2023exposing' on page 42 undefined on input line 
1940.


Overfull \hbox (3.61697pt too wide) in paragraph at lines 1927--1941
\TU/Arial(0)/m/n/12 posed multi-dimensional diagnostics that explicitly disenta
ngle \TU/Arial(0)/m/it/12 fidelity \TU/Arial(0)/m/n/12 and \TU/Arial(0)/m/it/12
 diversity\TU/Arial(0)/m/n/12 .
 []


Overfull \hbox (136.41696pt too wide) in paragraph at lines 1927--1941
\TU/Arial(0)/m/n/12 Examples include precision–recall for distributions  ([]; [
]),
 []


Overfull \hbox (23.89731pt too wide) in paragraph at lines 1927--1941
\TU/Arial(0)/m/n/12 ures such as VENDI SCORE and FKEA ([]; [];
 []


Overfull \hbox (82.17688pt too wide) in paragraph at lines 1927--1941
\TU/Arial(0)/m/n/12 tees that would ensure reliability across domains  ([]; [])
.
 []


LaTeX Warning: Citation 'shmelkov2018good' on page 42 undefined on input line 1
943.


LaTeX Warning: Citation 'hyland2017real' on page 42 undefined on input line 194
5.


LaTeX Warning: Citation 'esteban2017real' on page 42 undefined on input line 19
45.


LaTeX Warning: Citation 'yoon2019timegan' on page 42 undefined on input line 19
45.


Overfull \hbox (2.9888pt too wide) in paragraph at lines 1942--1951
[]\TU/Arial(0)/m/n/12 A complementary perspective evaluates generative models t
hrough supervised
 []


Overfull \hbox (71.34476pt too wide) in paragraph at lines 1942--1951
\TU/Arial(0)/m/n/12 learning performance. Classifier-based protocols such as GA
N-train/test ([])
 []


LaTeX Font Warning: Font shape `TU/Arial(0)/m/sc' undefined
(Font)              using `TU/Arial(0)/m/n' instead on input line 1955.


LaTeX Warning: Citation 'brown2019guacamol' on page 42 undefined on input line 
1956.


LaTeX Warning: Citation 'polykovskiy2020moses' on page 42 undefined on input li
ne 1956.


LaTeX Warning: Citation 'hall2024evalgim' on page 42 undefined on input line 19
66.


Overfull \hbox (0.98013pt too wide) in paragraph at lines 1954--1982
[]\TU/Arial(0)/m/sc/12 Domain-specific benchmarks provide another perspective o
n generative model
 []


Underfull \vbox (badness 3229) has occurred while \output is active []




Package fancyhdr Warning: \headheight is too small (14.0pt): 
(fancyhdr)                Make it at least 14.49998pt, for example:
(fancyhdr)                \setlength{\headheight}{14.49998pt}.
(fancyhdr)                You might also make \topmargin smaller:
(fancyhdr)                \addtolength{\topmargin}{-0.49998pt}.

[42]

LaTeX Warning: Citation 'vapnik1998statistical' on page 43 undefined on input l
ine 2002.


Overfull \hbox (32.62564pt too wide) in paragraph at lines 1997--2005
\TU/Arial(0)/m/sc/12 antees in the Probably Approximately Correct (PAC) framewo
rk ([]).
 []




Package fancyhdr Warning: \headheight is too small (14.0pt): 
(fancyhdr)                Make it at least 14.49998pt, for example:
(fancyhdr)                \setlength{\headheight}{14.49998pt}.
(fancyhdr)                You might also make \topmargin smaller:
(fancyhdr)                \addtolength{\topmargin}{-0.49998pt}.

[43]

LaTeX Warning: Citation 'vapnik1998statistical' on page 44 undefined on input l
ine 2042.


Overfull \hbox (44.66666pt too wide) in paragraph at lines 2040--2047
\TU/Arial(0)/m/sc/12 can be characterized by its Vapnik–Chervonenkis (VC) dimen
sion ([]).
 []


LaTeX Warning: Citation 'bartlett2002rademacher' on page 44 undefined on input 
line 2060.


Overfull \hbox (47.6033pt too wide) in paragraph at lines 2058--2063
\TU/Arial(0)/m/sc/12 general bounds can be obtained using Rademacher complexity
 ([]).
 []




Package fancyhdr Warning: \headheight is too small (14.0pt): 
(fancyhdr)                Make it at least 14.49998pt, for example:
(fancyhdr)                \setlength{\headheight}{14.49998pt}.
(fancyhdr)                You might also make \topmargin smaller:
(fancyhdr)                \addtolength{\topmargin}{-0.49998pt}.

[44]

LaTeX Warning: Citation 'hoeffding1963probability' on page 45 undefined on inpu
t line 2086.


LaTeX Warning: Citation 'ben2010theory' on page 45 undefined on input line 2117
.




Package fancyhdr Warning: \headheight is too small (14.0pt): 
(fancyhdr)                Make it at least 14.49998pt, for example:
(fancyhdr)                \setlength{\headheight}{14.49998pt}.
(fancyhdr)                You might also make \topmargin smaller:
(fancyhdr)                \addtolength{\topmargin}{-0.49998pt}.

[45]

LaTeX Warning: Citation 'cover2006elements' on page 46 undefined on input line 
2133.


Overfull \hbox (6.14615pt too wide) in paragraph at lines 2150--2160
\TU/Arial(0)/m/sc/12 provide deterministic and often interpretable mappings bas
ed on well-defined graph
 []


Overfull \hbox (9.75542pt too wide) in paragraph at lines 2150--2160
\TU/Arial(0)/m/sc/12 substructures. Learned representations, including random-w
alk embeddings, graph
 []


Overfull \hbox (4.73395pt too wide) in paragraph at lines 2169--2177
\TU/Arial(0)/m/sc/12 ging from scalar distributional measures and multi-dimensi
onal diagnostics to class-
 []




Package fancyhdr Warning: \headheight is too small (14.0pt): 
(fancyhdr)                Make it at least 14.49998pt, for example:
(fancyhdr)                \setlength{\headheight}{14.49998pt}.
(fancyhdr)                You might also make \topmargin smaller:
(fancyhdr)                \addtolength{\topmargin}{-0.49998pt}.

[46])


Package fancyhdr Warning: \headheight is too small (14.0pt): 
(fancyhdr)                Make it at least 14.49998pt, for example:
(fancyhdr)                \setlength{\headheight}{14.49998pt}.
(fancyhdr)                You might also make \topmargin smaller:
(fancyhdr)                \addtolength{\topmargin}{-0.49998pt}.

[47]
\openout2 = `ch3/ch3.aux'.

 (./ch3/ch3.tex


Package fancyhdr Warning: \headheight is too small (14.0pt): 
(fancyhdr)                Make it at least 14.49998pt, for example:
(fancyhdr)                \setlength{\headheight}{14.49998pt}.
(fancyhdr)                You might also make \topmargin smaller:
(fancyhdr)                \addtolength{\topmargin}{-0.49998pt}.

[48




]
Chapter 3.

LaTeX Warning: Citation 'costa2010fast' on page 49 undefined on input line 35.


Overfull \hbox (0.72232pt too wide) in paragraph at lines 32--39
 []\TU/Arial(0)/b/n/12 Chapter contribution.[] \TU/Arial(0)/m/sc/12 We introduc
e the \TU/Arial(0)/m/it/12 Neighborhood Subgraph Pairwise Path
 []



[49]

LaTeX Warning: Citation 'haussler1999' on page 50 undefined on input line 81.


LaTeX Warning: Citation 'costa2010fast' on page 50 undefined on input line 85.




Package fancyhdr Warning: \headheight is too small (14.0pt): 
(fancyhdr)                Make it at least 14.49998pt, for example:
(fancyhdr)                \setlength{\headheight}{14.49998pt}.
(fancyhdr)                You might also make \topmargin smaller:
(fancyhdr)                \addtolength{\topmargin}{-0.49998pt}.

[50]

LaTeX Warning: Citation 'neumann2016propagation' on page 51 undefined on input 
line 91.


LaTeX Warning: Citation 'feragen2013scalable' on page 51 undefined on input lin
e 94.


LaTeX Warning: Citation 'togninalli2019wasserstein' on page 51 undefined on inp
ut line 98.


Overfull \hbox (52.29202pt too wide) in paragraph at lines 90--102
\TU/Arial(0)/m/sc/12 tion and may lose fine-grained numerical information. Grap
hHopper ([])
 []


LaTeX Warning: Citation 'mmdgk_iclr2024' on page 51 undefined on input line 103
.


LaTeX Warning: Citation 'carpintero2024swwl' on page 51 undefined on input line
 104.


LaTeX Warning: Citation 'ye2025dsp' on page 51 undefined on input line 104.


Overfull \hbox (87.04979pt too wide) in paragraph at lines 103--110
[]\TU/Arial(0)/m/sc/12 More recent approaches such as MMD-GK ([]), SWWL ([]),
 []


LaTeX Warning: Citation 'haussler1999' on page 51 undefined on input line 136.




Package fancyhdr Warning: \headheight is too small (14.0pt): 
(fancyhdr)                Make it at least 14.49998pt, for example:
(fancyhdr)                \setlength{\headheight}{14.49998pt}.
(fancyhdr)                You might also make \topmargin smaller:
(fancyhdr)                \addtolength{\topmargin}{-0.49998pt}.

[51]

LaTeX Warning: Citation 'costa2010fast' on page 52 undefined on input line 139.





Package fancyhdr Warning: \headheight is too small (14.0pt): 
(fancyhdr)                Make it at least 14.49998pt, for example:
(fancyhdr)                \setlength{\headheight}{14.49998pt}.
(fancyhdr)                You might also make \topmargin smaller:
(fancyhdr)                \addtolength{\topmargin}{-0.49998pt}.

[52]
Underfull \vbox (badness 1430) has occurred while \output is active []




Package fancyhdr Warning: \headheight is too small (14.0pt): 
(fancyhdr)                Make it at least 14.49998pt, for example:
(fancyhdr)                \setlength{\headheight}{14.49998pt}.
(fancyhdr)                You might also make \topmargin smaller:
(fancyhdr)                \addtolength{\topmargin}{-0.49998pt}.

[53]
File: images/nsppk_features.pdf Graphic file (type pdf)
<use images/nsppk_features.pdf>

Underfull \vbox (badness 4242) has occurred while \output is active []




Package fancyhdr Warning: \headheight is too small (14.0pt): 
(fancyhdr)                Make it at least 14.49998pt, for example:
(fancyhdr)                \setlength{\headheight}{14.49998pt}.
(fancyhdr)                You might also make \topmargin smaller:
(fancyhdr)                \addtolength{\topmargin}{-0.49998pt}.

[54]
Overfull \hbox (5.20903pt too wide) in paragraph at lines 272--274
[]\TU/Arial(0)/m/sc/12 Because NSPPK features are extracted from unordered anch
or pairs, the graph-
 []




Package fancyhdr Warning: \headheight is too small (14.0pt): 
(fancyhdr)                Make it at least 14.49998pt, for example:
(fancyhdr)                \setlength{\headheight}{14.49998pt}.
(fancyhdr)                You might also make \topmargin smaller:
(fancyhdr)                \addtolength{\topmargin}{-0.49998pt}.

[55]
Underfull \vbox (badness 10000) has occurred while \output is active []




Package fancyhdr Warning: \headheight is too small (14.0pt): 
(fancyhdr)                Make it at least 14.49998pt, for example:
(fancyhdr)                \setlength{\headheight}{14.49998pt}.
(fancyhdr)                You might also make \topmargin smaller:
(fancyhdr)                \addtolength{\topmargin}{-0.49998pt}.

[56]
File: images/nspdk_vs_nsppk_networkx.png Graphic file (type bmp)
<images/nspdk_vs_nsppk_networkx.png>



Package fancyhdr Warning: \headheight is too small (14.0pt): 
(fancyhdr)                Make it at least 14.49998pt, for example:
(fancyhdr)                \setlength{\headheight}{14.49998pt}.
(fancyhdr)                You might also make \topmargin smaller:
(fancyhdr)                \addtolength{\topmargin}{-0.49998pt}.

[57]

LaTeX Warning: Citation 'shervashidze2011weisfeiler' on page 58 undefined on in
put line 465.


LaTeX Warning: Citation 'morris2019weisfeiler' on page 58 undefined on input li
ne 465.


LaTeX Warning: Citation 'xu2019powerful' on page 58 undefined on input line 468
.




Package fancyhdr Warning: \headheight is too small (14.0pt): 
(fancyhdr)                Make it at least 14.49998pt, for example:
(fancyhdr)                \setlength{\headheight}{14.49998pt}.
(fancyhdr)                You might also make \topmargin smaller:
(fancyhdr)                \addtolength{\topmargin}{-0.49998pt}.

[58]


Package fancyhdr Warning: \headheight is too small (14.0pt): 
(fancyhdr)                Make it at least 14.49998pt, for example:
(fancyhdr)                \setlength{\headheight}{14.49998pt}.
(fancyhdr)                You might also make \topmargin smaller:
(fancyhdr)                \addtolength{\topmargin}{-0.49998pt}.

[59]
Overfull \hbox (16.9809pt too wide) in paragraph at lines 616--619
\TU/Arial(0)/m/sc/12 the two configurations receive the same NSPDK feature unde
r idealised isomorphism-
 []


Overfull \hbox (3.27892pt too wide) in paragraph at lines 713--717
\TU/Arial(0)/m/sc/12 The computational cost of NSPPK is dominated by truncated 
breadth-first searches
 []




Package fancyhdr Warning: \headheight is too small (14.0pt): 
(fancyhdr)                Make it at least 14.49998pt, for example:
(fancyhdr)                \setlength{\headheight}{14.49998pt}.
(fancyhdr)                You might also make \topmargin smaller:
(fancyhdr)                \addtolength{\topmargin}{-0.49998pt}.

[60]
Underfull \vbox (badness 10000) has occurred while \output is active []




Package fancyhdr Warning: \headheight is too small (14.0pt): 
(fancyhdr)                Make it at least 14.49998pt, for example:
(fancyhdr)                \setlength{\headheight}{14.49998pt}.
(fancyhdr)                You might also make \topmargin smaller:
(fancyhdr)                \addtolength{\topmargin}{-0.49998pt}.

[61]
Overfull \hbox (8.2573pt too wide) in paragraph at lines 774--778
[]\TU/Arial(0)/m/sc/12 Incorporating $\OML/cmm/m/it/12 p$\TU/Arial(0)/m/sc/12 -
dimensional continuous node attributes introduces a linear factor
 []


Overfull \hbox (19.44267pt too wide) in paragraph at lines 804--813
\TU/Arial(0)/m/sc/12 hashing, which introduces collisions and motivates an empi
rical study of the accuracy–
 []


Underfull \vbox (badness 2932) has occurred while \output is active []




Package fancyhdr Warning: \headheight is too small (14.0pt): 
(fancyhdr)                Make it at least 14.49998pt, for example:
(fancyhdr)                \setlength{\headheight}{14.49998pt}.
(fancyhdr)                You might also make \topmargin smaller:
(fancyhdr)                \addtolength{\topmargin}{-0.49998pt}.

[62]

LaTeX Warning: Citation 'ramakrishnan2014quantum' on page 63 undefined on input
 line 824.


LaTeX Warning: Reference `appendix:qm9' on page 63 undefined on input line 833.


File: images/nbit.png Graphic file (type bmp)
<images/nbit.png>
File: images/qm9_plot.png Graphic file (type bmp)
<images/qm9_plot.png>

LaTeX Warning: Citation 'gartner2003graph' on page 63 undefined on input line 8
71.


LaTeX Warning: Citation 'shervashidze2009efficient' on page 63 undefined on inp
ut line 871.


LaTeX Warning: Citation 'yanardag2015deep' on page 63 undefined on input line 8
71.


Overfull \hbox (11.55835pt too wide) in paragraph at lines 862--872
\TU/Arial(0)/m/sc/12 duces feature overlap even between mildly perturbed instan
ces ([];
 []




Package fancyhdr Warning: \headheight is too small (14.0pt): 
(fancyhdr)                Make it at least 14.49998pt, for example:
(fancyhdr)                \setlength{\headheight}{14.49998pt}.
(fancyhdr)                You might also make \topmargin smaller:
(fancyhdr)                \addtolength{\topmargin}{-0.49998pt}.

[63]

LaTeX Warning: Citation 'xu2019powerful' on page 64 undefined on input line 883
.


LaTeX Warning: Citation 'you2020graph' on page 64 undefined on input line 885.


LaTeX Warning: Citation 'sun2019infograph' on page 64 undefined on input line 8
87.


LaTeX Warning: Citation 'feragen2013scalable' on page 64 undefined on input lin
e 889.


LaTeX Warning: Citation 'neumann2016propagation' on page 64 undefined on input 
line 891.


Overfull \hbox (17.72133pt too wide) in paragraph at lines 882--893
\TU/Arial(0)/m/sc/12 vised GNN maximising mutual information; (4) \TU/Arial(0)/
m/it/12 GraphHopper \TU/Arial(0)/m/sc/12 ([]),
 []


Overfull \hbox (76.79477pt too wide) in paragraph at lines 882--893
\TU/Arial(0)/m/sc/12 a shortest-path-based kernel; and (5) the \TU/Arial(0)/m/i
t/12 Propagation Kernel (PK) \TU/Arial(0)/m/sc/12 ([]),
 []


Underfull \vbox (badness 1521) has occurred while \output is active []




Package fancyhdr Warning: \headheight is too small (14.0pt): 
(fancyhdr)                Make it at least 14.49998pt, for example:
(fancyhdr)                \setlength{\headheight}{14.49998pt}.
(fancyhdr)                You might also make \topmargin smaller:
(fancyhdr)                \addtolength{\topmargin}{-0.49998pt}.

[64]
Overfull \hbox (6.36842pt too wide) in paragraph at lines 910--918
\TU/Arial(0)/m/sc/12 GraphCL, and InfoGraph avoid complete collapse, but often 
produce oversmoothed
 []

File: images/embedding_instance_similarity.png Graphic file (type bmp)
<images/embedding_instance_similarity.png>
File: images/embedding_similarity.png Graphic file (type bmp)
<images/embedding_similarity.png>
File: images/emb_vs_spec.png Graphic file (type bmp)
<images/emb_vs_spec.png>
File: images/svd_entropy.png Graphic file (type bmp)
<images/svd_entropy.png>

LaTeX Warning: Citation 'kipf2017semi' on page 65 undefined on input line 967.


LaTeX Warning: Citation 'oono2019graph' on page 65 undefined on input line 967.



LaTeX Warning: Citation 'rong2020dropedge' on page 65 undefined on input line 9
67.


LaTeX Warning: Citation 'balcilar2021analyzing' on page 65 undefined on input l
ine 967.


Overfull \hbox (42.47858pt too wide) in paragraph at lines 961--970
\TU/Arial(0)/m/sc/12 with known oversmoothing effects ([]; []; [];
 []


LaTeX Warning: Citation 'shervashidze2009efficient' on page 65 undefined on inp
ut line 988.


LaTeX Warning: Citation 'yanardag2015deep' on page 65 undefined on input line 9
88.


LaTeX Warning: Citation 'neumann2016propagation' on page 65 undefined on input 
line 988.


LaTeX Warning: Citation 'xu2019powerful' on page 65 undefined on input line 989
.


LaTeX Warning: Citation 'yi2022graph' on page 65 undefined on input line 989.


LaTeX Warning: Citation 'sun2019infograph' on page 65 undefined on input line 9
89.


Overfull \hbox (70.74028pt too wide) in paragraph at lines 986--993
\TU/Arial(0)/m/sc/12 while preserving robustness and expressivity. Unlike prior
 kernels ([];
 []


Overfull \hbox (39.18552pt too wide) in paragraph at lines 986--993
[]\TU/Arial(0)/m/sc/12 ; []) and GNN methods ([];
 []


Underfull \vbox (badness 2970) has occurred while \output is active []




Package fancyhdr Warning: \headheight is too small (14.0pt): 
(fancyhdr)                Make it at least 14.49998pt, for example:
(fancyhdr)                \setlength{\headheight}{14.49998pt}.
(fancyhdr)                You might also make \topmargin smaller:
(fancyhdr)                \addtolength{\topmargin}{-0.49998pt}.

[65]

LaTeX Warning: Reference `appendix:datasets' on page 66 undefined on input line
 1004.


Overfull \hbox (4.66391pt too wide) in paragraph at lines 1000--1005
\TU/Arial(0)/m/sc/12 graph classification benchmarks: \TU/Arial(0)/m/it/12 ENZY
MES\TU/Arial(0)/m/sc/12 , \TU/Arial(0)/m/it/12 PROTEINS_full\TU/Arial(0)/m/sc/1
2 , \TU/Arial(0)/m/it/12 BZR\TU/Arial(0)/m/sc/12 , \TU/Arial(0)/m/it/12 COX2\TU
/Arial(0)/m/sc/12 , \TU/Arial(0)/m/it/12 DHFR\TU/Arial(0)/m/sc/12 ,
 []


Underfull \vbox (badness 10000) has occurred while \output is active []




Package fancyhdr Warning: \headheight is too small (14.0pt): 
(fancyhdr)                Make it at least 14.49998pt, for example:
(fancyhdr)                \setlength{\headheight}{14.49998pt}.
(fancyhdr)                You might also make \topmargin smaller:
(fancyhdr)                \addtolength{\topmargin}{-0.49998pt}.

[66]

LaTeX Warning: Citation 'feragen2013scalable' on page 67 undefined on input lin
e 1008.


LaTeX Warning: Citation 'neumann2016propagation' on page 67 undefined on input 
line 1008.


LaTeX Warning: Citation 'kriege2012subgraph' on page 67 undefined on input line
 1008.


LaTeX Warning: Citation 'kondor2016multiscalelaplaciangraphkernel' on page 67 u
ndefined on input line 1008.


LaTeX Warning: Citation 'borgwardt2005shortest' on page 67 undefined on input l
ine 1008.


LaTeX Warning: Citation 'morris2016fasterkernelsgraphscontinuous' on page 67 un
defined on input line 1008.


LaTeX Warning: Citation 'togninalli2019wasserstein' on page 67 undefined on inp
ut line 1008.


LaTeX Warning: Citation 'nguyen2023linearfgw' on page 67 undefined on input lin
e 1008.


LaTeX Warning: Citation 'fang2023neighborhoodpreserving' on page 67 undefined o
n input line 1008.


LaTeX Warning: Citation 'chang2011libsvm' on page 67 undefined on input line 10
09.


Overfull \hbox (26.49887pt too wide) in paragraph at lines 1007--1010
[]\TU/Arial(0)/b/n/12 Baselines. \TU/Arial(0)/m/sc/12 Kernel methods: GraphHopp
er (GH) ([]), Propaga-
 []


Overfull \hbox (80.81566pt too wide) in paragraph at lines 1007--1010
\TU/Arial(0)/m/sc/12 tion Kernel (PK) ([]), Subgraph Matching (SM) ([]),
 []


Overfull \hbox (13.8235pt too wide) in paragraph at lines 1007--1010
\TU/Arial(0)/m/sc/12 Multiscale Laplacian (ML) ([]), Shortest
 []


Overfull \hbox (110.13597pt too wide) in paragraph at lines 1007--1010
\TU/Arial(0)/m/sc/12 Path (SP) ([]), HSSPK-SP/WL ([]),
 []


Overfull \hbox (206.89386pt too wide) in paragraph at lines 1007--1010
\TU/Arial(0)/m/sc/12 WWL ([]), linearFGW ([]), and NP ([]),
 []


Overfull \hbox (69.50345pt too wide) in paragraph at lines 1007--1010
\TU/Arial(0)/m/sc/12 plus discretised NSPPK and WL. All kernels use SVM classif
iers (LIBSVM ([])). 
 []


LaTeX Warning: Citation 'zhang2018endtoend' on page 67 undefined on input line 
1011.


LaTeX Warning: Citation 'hamilton2017graphsage' on page 67 undefined on input l
ine 1011.


LaTeX Warning: Citation 'sun2019infograph' on page 67 undefined on input line 1
011.


LaTeX Warning: Citation 'xu2019powerful' on page 67 undefined on input line 101
1.


LaTeX Warning: Citation 'you2020graph' on page 67 undefined on input line 1011.



LaTeX Warning: Citation 'gasteiger2020directional' on page 67 undefined on inpu
t line 1011.


LaTeX Warning: Citation 'corso2020pna' on page 67 undefined on input line 1011.



LaTeX Warning: Citation 'yang2023bettergraphrepresentationlearning' on page 67 
undefined on input line 1011.


Overfull \hbox (84.00218pt too wide) in paragraph at lines 1011--1012
[]\TU/Arial(0)/b/n/12 Neural baselines\TU/Arial(0)/m/sc/12 : DGCNN ([]), GraphS
AGE ([]),
 []


Overfull \hbox (15.88364pt too wide) in paragraph at lines 1011--1012
\TU/Arial(0)/m/sc/12 InfoGraph ([]), GIN ([]), GraphCL ([]),
 []


Overfull \hbox (256.02576pt too wide) in paragraph at lines 1011--1012
\TU/Arial(0)/m/sc/12 AttentiveFP (FNP) ([]), PNA ([]), and PDF ([]). 
 []


LaTeX Warning: Citation 'errica2020fair' on page 67 undefined on input line 101
4.


LaTeX Warning: Reference `appendix:hyperparameters' on page 67 undefined on inp
ut line 1017.


LaTeX Warning: Reference `appendix:no_attr' on page 67 undefined on input line 
1020.


LaTeX Warning: Reference `appendix:tradeoff' on page 67 undefined on input line
 1120.


Underfull \vbox (badness 10000) has occurred while \output is active []




Package fancyhdr Warning: \headheight is too small (14.0pt): 
(fancyhdr)                Make it at least 14.49998pt, for example:
(fancyhdr)                \setlength{\headheight}{14.49998pt}.
(fancyhdr)                You might also make \topmargin smaller:
(fancyhdr)                \addtolength{\topmargin}{-0.49998pt}.

[67]


Package fancyhdr Warning: \headheight is too small (14.0pt): 
(fancyhdr)                Make it at least 14.49998pt, for example:
(fancyhdr)                \setlength{\headheight}{14.49998pt}.
(fancyhdr)                You might also make \topmargin smaller:
(fancyhdr)                \addtolength{\topmargin}{-0.49998pt}.

[68]
Overfull \hbox (3.16217pt too wide) in paragraph at lines 1195--1196
[]\TU/Arial(0)/m/sc/12 Statistical significance is assessed using the Friedman 
omnibus test, followed—
 []




Package fancyhdr Warning: \headheight is too small (14.0pt): 
(fancyhdr)                Make it at least 14.49998pt, for example:
(fancyhdr)                \setlength{\headheight}{14.49998pt}.
(fancyhdr)                You might also make \topmargin smaller:
(fancyhdr)                \addtolength{\topmargin}{-0.49998pt}.

[69]
File: images/critical_difference_diagram_kernels.png Graphic file (type bmp)
<images/critical_difference_diagram_kernels.png>
File: images/critical_difference_diagram_nn.png Graphic file (type bmp)
<images/critical_difference_diagram_nn.png>

Overfull \hbox (3.26665pt too wide) in paragraph at lines 1226--1227
\TU/Arial(0)/m/sc/12 To evaluate NSPPK’s scalability, we vectorized the \TU/Ari
al(0)/b/n/12 QM9 \TU/Arial(0)/m/sc/12 dataset (~130,000 graphs)
 []




Package fancyhdr Warning: \headheight is too small (14.0pt): 
(fancyhdr)                Make it at least 14.49998pt, for example:
(fancyhdr)                \setlength{\headheight}{14.49998pt}.
(fancyhdr)                You might also make \topmargin smaller:
(fancyhdr)                \addtolength{\topmargin}{-0.49998pt}.

[70]
File: images/output.png Graphic file (type bmp)
<images/output.png>
Package microtype Info: Loading generic protrusion settings for font family
(microtype)             `lmtt' (encoding: TU).
(microtype)             For optimal results, create family-specific settings.
(microtype)             See the microtype manual for details.



Package fancyhdr Warning: \headheight is too small (14.0pt): 
(fancyhdr)                Make it at least 14.49998pt, for example:
(fancyhdr)                \setlength{\headheight}{14.49998pt}.
(fancyhdr)                You might also make \topmargin smaller:
(fancyhdr)                \addtolength{\topmargin}{-0.49998pt}.

[71]


Package fancyhdr Warning: \headheight is too small (14.0pt): 
(fancyhdr)                Make it at least 14.49998pt, for example:
(fancyhdr)                \setlength{\headheight}{14.49998pt}.
(fancyhdr)                You might also make \topmargin smaller:
(fancyhdr)                \addtolength{\topmargin}{-0.49998pt}.

[72]

LaTeX Warning: Citation 'kipf2017semi' on page 73 undefined on input line 1383.



LaTeX Warning: Citation 'velivckovic2018gat' on page 73 undefined on input line
 1384.


LaTeX Warning: Citation 'hamilton2017graphsage' on page 73 undefined on input l
ine 1385.


LaTeX Warning: Citation 'xu2019powerful' on page 73 undefined on input line 138
5.


LaTeX Warning: Citation 'wu2019simplifying' on page 73 undefined on input line 
1386.


LaTeX Warning: Citation 'klicpera2019predict' on page 73 undefined on input lin
e 1386.


Overfull \hbox (35.31418pt too wide) in paragraph at lines 1381--1388
\TU/Arial(0)/m/sc/12 tures for node classification, including GCN ([]), GAT  ([
]),
 []


Overfull \hbox (65.88754pt too wide) in paragraph at lines 1381--1388
\TU/Arial(0)/m/sc/12 GraphSAGE ([]), GIN ([]), SGC ([]),
 []




Package fancyhdr Warning: \headheight is too small (14.0pt): 
(fancyhdr)                Make it at least 14.49998pt, for example:
(fancyhdr)                \setlength{\headheight}{14.49998pt}.
(fancyhdr)                You might also make \topmargin smaller:
(fancyhdr)                \addtolength{\topmargin}{-0.49998pt}.

[73]

LaTeX Warning: Reference `appendix:citation' on page 74 undefined on input line
 1429.


LaTeX Warning: Reference `appendix:no_attr' on page 74 undefined on input line 
1434.


LaTeX Warning: Reference `appendix:no_attr_runtime' on page 74 undefined on inp
ut line 1435.


LaTeX Warning: Citation 'hu2020ogb' on page 74 undefined on input line 1442.


LaTeX Warning: Citation 'ying2021transformers' on page 74 undefined on input li
ne 1452.


LaTeX Warning: Citation 'yang2023pdf' on page 74 undefined on input line 1453.


LaTeX Warning: Citation 'ye2025hyperfusion' on page 74 undefined on input line 
1454.


LaTeX Warning: Citation 'corso2020pna' on page 74 undefined on input line 1456.



LaTeX Warning: Citation 'xu2019powerful' on page 74 undefined on input line 145
6.


Overfull \hbox (23.50511pt too wide) in paragraph at lines 1449--1458
\TU/Arial(0)/m/sc/12 contrast, state-of-the-art neural models such as Graphorme
r ([]),
 []


Overfull \hbox (37.53793pt too wide) in paragraph at lines 1449--1458
\TU/Arial(0)/m/sc/12 test AP values of 0.30–0.32, while tuned mid-range models 
such as PNA ([])
 []




Package fancyhdr Warning: \headheight is too small (14.0pt): 
(fancyhdr)                Make it at least 14.49998pt, for example:
(fancyhdr)                \setlength{\headheight}{14.49998pt}.
(fancyhdr)                You might also make \topmargin smaller:
(fancyhdr)                \addtolength{\topmargin}{-0.49998pt}.

[74]

LaTeX Warning: Reference `appendix:task95' on page 75 undefined on input line 1
474.

File: images/icml_compact_learning_curves.pdf Graphic file (type pdf)
<use images/icml_compact_learning_curves.pdf>



Package fancyhdr Warning: \headheight is too small (14.0pt): 
(fancyhdr)                Make it at least 14.49998pt, for example:
(fancyhdr)                \setlength{\headheight}{14.49998pt}.
(fancyhdr)                You might also make \topmargin smaller:
(fancyhdr)                \addtolength{\topmargin}{-0.49998pt}.

[75]
Overfull \hbox (3.06868pt too wide) in paragraph at lines 1496--1504
[]\TU/Arial(0)/m/sc/12 The method also has practical limits. Feature extraction
 depends on the chosen
 []


Overfull \hbox (15.56839pt too wide) in paragraph at lines 1516--1522
\TU/Arial(0)/m/sc/12 We introduced NSPPK, an explicit graph kernel that extends
 classical neighbourhood-
 []




Package fancyhdr Warning: \headheight is too small (14.0pt): 
(fancyhdr)                Make it at least 14.49998pt, for example:
(fancyhdr)                \setlength{\headheight}{14.49998pt}.
(fancyhdr)                You might also make \topmargin smaller:
(fancyhdr)                \addtolength{\topmargin}{-0.49998pt}.

[76])


Package fancyhdr Warning: \headheight is too small (14.0pt): 
(fancyhdr)                Make it at least 14.49998pt, for example:
(fancyhdr)                \setlength{\headheight}{14.49998pt}.
(fancyhdr)                You might also make \topmargin smaller:
(fancyhdr)                \addtolength{\topmargin}{-0.49998pt}.

[77]
\openout2 = `ch4/ch4.aux'.

 (./ch4/ch4.tex


Package fancyhdr Warning: \headheight is too small (14.0pt): 
(fancyhdr)                Make it at least 14.49998pt, for example:
(fancyhdr)                \setlength{\headheight}{14.49998pt}.
(fancyhdr)                You might also make \topmargin smaller:
(fancyhdr)                \addtolength{\topmargin}{-0.49998pt}.

[78




]
Chapter 4.

LaTeX Warning: Citation 'ho2020ddpm' on page 79 undefined on input line 9.


LaTeX Warning: Citation 'song2020score' on page 79 undefined on input line 9.


LaTeX Warning: Citation 'you2018graphrnn' on page 79 undefined on input line 11
.


LaTeX Warning: Citation 'niu2020permutation' on page 79 undefined on input line
 11.


LaTeX Warning: Citation 'vignac2022digress' on page 79 undefined on input line 
11.


Overfull \hbox (69.2822pt too wide) in paragraph at lines 7--15
\TU/Arial(0)/m/sc/12 based generative models provide stable denoising objective
s ([]; []),
 []


Overfull \hbox (5.49513pt too wide) in paragraph at lines 7--15
\TU/Arial(0)/m/sc/12 constraints ([]; []; []). This
 []


LaTeX Warning: Citation 'costa2010fast' on page 79 undefined on input line 32.


LaTeX Warning: Citation 'neumann2016propagation' on page 79 undefined on input 
line 32.


LaTeX Warning: Citation 'borgwardt2020graphkernels' on page 79 undefined on inp
ut line 32.


LaTeX Warning: Citation 'hamilton2017graphsage' on page 79 undefined on input l
ine 32.


LaTeX Warning: Citation 'zhang2018endtoend' on page 79 undefined on input line 
32.


LaTeX Warning: Citation 'dwivedi2021graph' on page 79 undefined on input line 3
2.


Overfull \hbox (0.692pt too wide) in paragraph at lines 25--33
\TU/Arial(0)/m/sc/12 quires a fixed-dimensional graph descriptor; other explici
t graph descriptors, graph
 []


Overfull \hbox (44.71812pt too wide) in paragraph at lines 25--33
\TU/Arial(0)/m/sc/12 kernels, or learned graph-level embeddings could therefore
 be substituted ([];
 []


Overfull \hbox (34.86371pt too wide) in paragraph at lines 25--33
[]\TU/Arial(0)/m/sc/12 ; []; [];
 []


LaTeX Warning: Citation 'kipf2016vgae' on page 79 undefined on input line 40.


LaTeX Warning: Citation 'simonovsky2018graphvae' on page 79 undefined on input 
line 40.

File: images/diffusion/pipeine_generator.pdf Graphic file (type pdf)
<use images/diffusion/pipeine_generator.pdf>

Overfull \hbox (3.50032pt too wide) in paragraph at lines 34--68
[]\TU/Arial(0)/m/sc/12 The setting considered here is graph-level-descriptor-to
-graph generation. This
 []



[79]

LaTeX Warning: Citation 'vignac2022digress' on page 80 undefined on input line 
76.


Overfull \hbox (3.07172pt too wide) in paragraph at lines 70--79
\TU/Arial(0)/m/sc/12 and-edge-level formulation. The model must translate a glo
bal structural descriptor
 []


Overfull \hbox (4.1744pt too wide) in paragraph at lines 70--79
\TU/Arial(0)/m/sc/12 verse process operates on categorical node and edge states
 ([]).
 []




Package fancyhdr Warning: \headheight is too small (14.0pt): 
(fancyhdr)                Make it at least 14.49998pt, for example:
(fancyhdr)                \setlength{\headheight}{14.49998pt}.
(fancyhdr)                You might also make \topmargin smaller:
(fancyhdr)                \addtolength{\topmargin}{-0.49998pt}.

[80]
Overfull \hbox (7.43495pt too wide) in paragraph at lines 89--89
[]\TU/Arial(0)/b/n/14.4 Node-Level Feature Representation and Graph-Level Con-
 []


LaTeX Warning: Citation 'costa2010fast' on page 81 undefined on input line 135.



LaTeX Warning: Citation 'borgwardt2005shortest' on page 81 undefined on input l
ine 135.


LaTeX Warning: Citation 'neumann2016propagation' on page 81 undefined on input 
line 135.


Overfull \hbox (8.65845pt too wide) in paragraph at lines 130--145
\TU/Arial(0)/m/sc/12 map $\OML/cmm/m/it/12 ^^^\OT1/cmr/m/n/12 (\OML/cmm/m/it/12
 G\OT1/cmr/m/n/12 )$ \TU/Arial(0)/m/sc/12 ([]; []; []).
 []




Package fancyhdr Warning: \headheight is too small (14.0pt): 
(fancyhdr)                Make it at least 14.49998pt, for example:
(fancyhdr)                \setlength{\headheight}{14.49998pt}.
(fancyhdr)                You might also make \topmargin smaller:
(fancyhdr)                \addtolength{\topmargin}{-0.49998pt}.

[81]

LaTeX Warning: Citation 'hamilton2017graphsage' on page 82 undefined on input l
ine 157.


LaTeX Warning: Citation 'zhang2018endtoend' on page 82 undefined on input line 
157.


LaTeX Warning: Citation 'dwivedi2021graph' on page 82 undefined on input line 1
57.




Package fancyhdr Warning: \headheight is too small (14.0pt): 
(fancyhdr)                Make it at least 14.49998pt, for example:
(fancyhdr)                \setlength{\headheight}{14.49998pt}.
(fancyhdr)                You might also make \topmargin smaller:
(fancyhdr)                \addtolength{\topmargin}{-0.49998pt}.

[82]
Underfull \vbox (badness 3128) has occurred while \output is active []




Package fancyhdr Warning: \headheight is too small (14.0pt): 
(fancyhdr)                Make it at least 14.49998pt, for example:
(fancyhdr)                \setlength{\headheight}{14.49998pt}.
(fancyhdr)                You might also make \topmargin smaller:
(fancyhdr)                \addtolength{\topmargin}{-0.49998pt}.

[83]
Underfull \vbox (badness 3884) has occurred while \output is active []




Package fancyhdr Warning: \headheight is too small (14.0pt): 
(fancyhdr)                Make it at least 14.49998pt, for example:
(fancyhdr)                \setlength{\headheight}{14.49998pt}.
(fancyhdr)                You might also make \topmargin smaller:
(fancyhdr)                \addtolength{\topmargin}{-0.49998pt}.

[84]

LaTeX Warning: Citation 'kuhn1955hungarian' on page 85 undefined on input line 
320.


LaTeX Warning: Citation 'munkres1957algorithms' on page 85 undefined on input l
ine 320.


Overfull \hbox (7.01529pt too wide) in paragraph at lines 318--337
\TU/Arial(0)/m/sc/12 gorithm can be understood as finding the minimum-cost one-
to-one pairing between
 []


Overfull \hbox (7.71193pt too wide) in paragraph at lines 347--349
\TU/Arial(0)/m/sc/12 During training, the clean node feature matrix $\OML/cmm/m
/it/12 X[]$ \TU/Arial(0)/m/sc/12 is corrupted at a randomly sampled
 []


Underfull \vbox (badness 10000) has occurred while \output is active []




Package fancyhdr Warning: \headheight is too small (14.0pt): 
(fancyhdr)                Make it at least 14.49998pt, for example:
(fancyhdr)                \setlength{\headheight}{14.49998pt}.
(fancyhdr)                You might also make \topmargin smaller:
(fancyhdr)                \addtolength{\topmargin}{-0.49998pt}.

[85]

LaTeX Warning: Citation 'vaswani2017attention' on page 86 undefined on input li
ne 399.


LaTeX Warning: Citation 'dwivedi2021graph' on page 86 undefined on input line 3
99.


LaTeX Warning: Citation 'ying2021transformers' on page 86 undefined on input li
ne 399.


LaTeX Warning: Citation 'rampavsek2022recipe' on page 86 undefined on input lin
e 399.


LaTeX Warning: Citation 'vignac2022digress' on page 86 undefined on input line 
399.


Underfull \vbox (badness 10000) has occurred while \output is active []




Package fancyhdr Warning: \headheight is too small (14.0pt): 
(fancyhdr)                Make it at least 14.49998pt, for example:
(fancyhdr)                \setlength{\headheight}{14.49998pt}.
(fancyhdr)                You might also make \topmargin smaller:
(fancyhdr)                \addtolength{\topmargin}{-0.49998pt}.

[86]

LaTeX Warning: Citation 'vaswani2017attention' on page 87 undefined on input li
ne 423.


LaTeX Warning: Citation 'ho2020ddpm' on page 87 undefined on input line 423.


Overfull \hbox (1.96065pt too wide) in paragraph at lines 433--435
[]\TU/Arial(0)/m/sc/12 The transformer therefore receives node tokens $\OML/cmm
/m/it/12 R[]$ \TU/Arial(0)/m/sc/12 and attends to the memory
 []




Package fancyhdr Warning: \headheight is too small (14.0pt): 
(fancyhdr)                Make it at least 14.49998pt, for example:
(fancyhdr)                \setlength{\headheight}{14.49998pt}.
(fancyhdr)                You might also make \topmargin smaller:
(fancyhdr)                \addtolength{\topmargin}{-0.49998pt}.

[87]
Underfull \vbox (badness 10000) has occurred while \output is active []




Package fancyhdr Warning: \headheight is too small (14.0pt): 
(fancyhdr)                Make it at least 14.49998pt, for example:
(fancyhdr)                \setlength{\headheight}{14.49998pt}.
(fancyhdr)                You might also make \topmargin smaller:
(fancyhdr)                \addtolength{\topmargin}{-0.49998pt}.

[88]

LaTeX Warning: Citation 'vignac2022digress' on page 89 undefined on input line 
522.




Package fancyhdr Warning: \headheight is too small (14.0pt): 
(fancyhdr)                Make it at least 14.49998pt, for example:
(fancyhdr)                \setlength{\headheight}{14.49998pt}.
(fancyhdr)                You might also make \topmargin smaller:
(fancyhdr)                \addtolength{\topmargin}{-0.49998pt}.

[89]
Underfull \vbox (badness 10000) has occurred while \output is active []




Package fancyhdr Warning: \headheight is too small (14.0pt): 
(fancyhdr)                Make it at least 14.49998pt, for example:
(fancyhdr)                \setlength{\headheight}{14.49998pt}.
(fancyhdr)                You might also make \topmargin smaller:
(fancyhdr)                \addtolength{\topmargin}{-0.49998pt}.

[90]
Overfull \hbox (1.02473pt too wide) in paragraph at lines 700--705
[]\TU/Arial(0)/m/sc/12 Here $\OML/cmm/m/it/12 W[]$ \TU/Arial(0)/m/sc/12 is a le
arned projection and $\OML/cmm/m/it/12 ^^U[]$ \TU/Arial(0)/m/sc/12 controls the
 strength of the molecular-
 []


Underfull \vbox (badness 5147) has occurred while \output is active []




Package fancyhdr Warning: \headheight is too small (14.0pt): 
(fancyhdr)                Make it at least 14.49998pt, for example:
(fancyhdr)                \setlength{\headheight}{14.49998pt}.
(fancyhdr)                You might also make \topmargin smaller:
(fancyhdr)                \addtolength{\topmargin}{-0.49998pt}.

[91]
Underfull \vbox (badness 1097) has occurred while \output is active []




Package fancyhdr Warning: \headheight is too small (14.0pt): 
(fancyhdr)                Make it at least 14.49998pt, for example:
(fancyhdr)                \setlength{\headheight}{14.49998pt}.
(fancyhdr)                You might also make \topmargin smaller:
(fancyhdr)                \addtolength{\topmargin}{-0.49998pt}.

[92]


Package fancyhdr Warning: \headheight is too small (14.0pt): 
(fancyhdr)                Make it at least 14.49998pt, for example:
(fancyhdr)                \setlength{\headheight}{14.49998pt}.
(fancyhdr)                You might also make \topmargin smaller:
(fancyhdr)                \addtolength{\topmargin}{-0.49998pt}.

[93]
Package hyperref Info: bookmark level for unknown algorithm defaults to 0 on in
put line 903.

Underfull \vbox (badness 6032) has occurred while \output is active []




Package fancyhdr Warning: \headheight is too small (14.0pt): 
(fancyhdr)                Make it at least 14.49998pt, for example:
(fancyhdr)                \setlength{\headheight}{14.49998pt}.
(fancyhdr)                You might also make \topmargin smaller:
(fancyhdr)                \addtolength{\topmargin}{-0.49998pt}.

[94]

LaTeX Warning: Citation 'havel1955remark' on page 95 undefined on input line 94
9.


LaTeX Warning: Citation 'erdos1960graphs' on page 95 undefined on input line 94
9.


LaTeX Warning: Citation 'hakimi1962realizability' on page 95 undefined on input
 line 949.


LaTeX Warning: Citation 'tutte1954short' on page 95 undefined on input line 955
.


LaTeX Warning: Citation 'edmonds1965paths' on page 95 undefined on input line 9
55.


LaTeX Warning: Citation 'gabow2016data' on page 95 undefined on input line 955.



LaTeX Warning: Citation 'kruskal1956shortest' on page 95 undefined on input lin
e 958.


LaTeX Warning: Citation 'ahuja1993network' on page 95 undefined on input line 9
58.


Overfull \hbox (57.78491pt too wide) in paragraph at lines 942--959
\TU/Arial(0)/m/sc/12 tialisation is used only as a warm start for the constrain
ed optimisation ([];
 []


Overfull \hbox (6.86946pt too wide) in paragraph at lines 960--965
\TU/Arial(0)/m/sc/12 existence component. It then extracts target degree classe
s and node-label classes
 []


Overfull \hbox (11.74055pt too wide) in paragraph at lines 960--965
\TU/Arial(0)/m/sc/12 from the generated matrix. Edge scores are provided by the
 pairwise edge-existence
 []




Package fancyhdr Warning: \headheight is too small (14.0pt): 
(fancyhdr)                Make it at least 14.49998pt, for example:
(fancyhdr)                \setlength{\headheight}{14.49998pt}.
(fancyhdr)                You might also make \topmargin smaller:
(fancyhdr)                \addtolength{\topmargin}{-0.49998pt}.

[95]

LaTeX Warning: Citation 'you2018graphrnn' on page 96 undefined on input line 10
18.


LaTeX Warning: Citation 'liao2019gran' on page 96 undefined on input line 1018.



LaTeX Warning: Citation 'kipf2016vgae' on page 96 undefined on input line 1022.



LaTeX Warning: Citation 'simonovsky2018graphvae' on page 96 undefined on input 
line 1022.


LaTeX Warning: Citation 'de2018molgan' on page 96 undefined on input line 1025.



LaTeX Warning: Citation 'madhawa2019graphnvp' on page 96 undefined on input lin
e 1025.


LaTeX Warning: Citation 'zang2020moflow' on page 96 undefined on input line 102
5.


LaTeX Warning: Citation 'lippe2020categorical' on page 96 undefined on input li
ne 1025.


Overfull \hbox (11.31215pt too wide) in paragraph at lines 1014--1029
[]\TU/Arial(0)/m/sc/12 ; []). These approaches are useful baselines,
 []




Package fancyhdr Warning: \headheight is too small (14.0pt): 
(fancyhdr)                Make it at least 14.49998pt, for example:
(fancyhdr)                \setlength{\headheight}{14.49998pt}.
(fancyhdr)                You might also make \topmargin smaller:
(fancyhdr)                \addtolength{\topmargin}{-0.49998pt}.

[96]

LaTeX Warning: Citation 'niu2020permutation' on page 97 undefined on input line
 1035.


LaTeX Warning: Citation 'jo2022score' on page 97 undefined on input line 1035.


LaTeX Warning: Citation 'austin2021structured' on page 97 undefined on input li
ne 1045.


LaTeX Warning: Citation 'vignac2022digress' on page 97 undefined on input line 
1048.


Overfull \hbox (7.05605pt too wide) in paragraph at lines 1042--1052
\TU/Arial(0)/m/sc/12 over finite classes, including absorbing or mask-like stat
es ([]).
 []


Underfull \vbox (badness 3229) has occurred while \output is active []




Package fancyhdr Warning: \headheight is too small (14.0pt): 
(fancyhdr)                Make it at least 14.49998pt, for example:
(fancyhdr)                \setlength{\headheight}{14.49998pt}.
(fancyhdr)                You might also make \topmargin smaller:
(fancyhdr)                \addtolength{\topmargin}{-0.49998pt}.

[97]

LaTeX Warning: Reference `app:generator-parameters' on page 98 undefined on inp
ut line 1092.


LaTeX Warning: Citation 'vignac2022digress' on page 98 undefined on input line 
1104.


LaTeX Warning: Citation 'kipf2016vgae' on page 98 undefined on input line 1106.



LaTeX Warning: Citation 'simonovsky2018graphvae' on page 98 undefined on input 
line 1106.


Overfull \hbox (50.76147pt too wide) in paragraph at lines 1097--1107
\TU/Arial(0)/m/sc/12 level conditions and with an adapted variational graph aut
oencoder baseline ([];
 []




Package fancyhdr Warning: \headheight is too small (14.0pt): 
(fancyhdr)                Make it at least 14.49998pt, for example:
(fancyhdr)                \setlength{\headheight}{14.49998pt}.
(fancyhdr)                You might also make \topmargin smaller:
(fancyhdr)                \addtolength{\topmargin}{-0.49998pt}.

[98]

LaTeX Warning: Citation 'vignac2022digress' on page 99 undefined on input line 
1144.


LaTeX Warning: Citation 'kipf2016vgae' on page 99 undefined on input line 1149.



LaTeX Warning: Citation 'simonovsky2018graphvae' on page 99 undefined on input 
line 1149.


LaTeX Warning: Reference `app:generator-parameters' on page 99 undefined on inp
ut line 1159.


Overfull \hbox (48.5037pt too wide) in paragraph at lines 1142--1160
\TU/Arial(0)/m/sc/12 discrete graph diffusion model over categorical node and e
dge states ([]).
 []




Package fancyhdr Warning: \headheight is too small (14.0pt): 
(fancyhdr)                Make it at least 14.49998pt, for example:
(fancyhdr)                \setlength{\headheight}{14.49998pt}.
(fancyhdr)                You might also make \topmargin smaller:
(fancyhdr)                \addtolength{\topmargin}{-0.49998pt}.

[99]
File: images/diffusion/req_vs_gen_pics.pdf Graphic file (type pdf)
<use images/diffusion/req_vs_gen_pics.pdf>
File: images/diffusion/req_vs_decoded_cycle.png Graphic file (type bmp)
<images/diffusion/req_vs_decoded_cycle.png>


LaTeX Warning: Float too large for page by 24.70946pt on input line 1195.


Underfull \vbox (badness 1360) has occurred while \output is active []




Package fancyhdr Warning: \headheight is too small (14.0pt): 
(fancyhdr)                Make it at least 14.49998pt, for example:
(fancyhdr)                \setlength{\headheight}{14.49998pt}.
(fancyhdr)                You might also make \topmargin smaller:
(fancyhdr)                \addtolength{\topmargin}{-0.49998pt}.

[100]


Package fancyhdr Warning: \headheight is too small (14.0pt): 
(fancyhdr)                Make it at least 14.49998pt, for example:
(fancyhdr)                \setlength{\headheight}{14.49998pt}.
(fancyhdr)                You might also make \topmargin smaller:
(fancyhdr)                \addtolength{\topmargin}{-0.49998pt}.

[101]
Overfull \hbox (3.79459pt too wide) in paragraph at lines 1240--1249
\TU/Arial(0)/m/sc/12 agreement is measured using scalar-property [][]Maximum Me
an Discrepancy (MMD)[]
 []


LaTeX Warning: Reference `app:qm9-molecular-settings' on page 102 undefined on 
input line 1259.

File: images/diffusion/example_generated_my_generator.png Graphic file (type bm
p)
<images/diffusion/example_generated_my_generator.png>



Package fancyhdr Warning: \headheight is too small (14.0pt): 
(fancyhdr)                Make it at least 14.49998pt, for example:
(fancyhdr)                \setlength{\headheight}{14.49998pt}.
(fancyhdr)                You might also make \topmargin smaller:
(fancyhdr)                \addtolength{\topmargin}{-0.49998pt}.

[102]

LaTeX Warning: Reference `tab:synthetic-cycle-leg-proposed-hyperparameters' on 
page 103 undefined on input line 1321.


LaTeX Warning: Reference `tab:synthetic-cycle-leg-proposed-hyperparameters' on 
page 103 undefined on input line 1377.


LaTeX Warning: Reference `tab:synthetic-cycle-leg-proposed-hyperparameters' on 
page 103 undefined on input line 1377.


Overfull \vbox (351.6376pt too high) has occurred while \output is active []




Package fancyhdr Warning: \headheight is too small (14.0pt): 
(fancyhdr)                Make it at least 14.49998pt, for example:
(fancyhdr)                \setlength{\headheight}{14.49998pt}.
(fancyhdr)                You might also make \topmargin smaller:
(fancyhdr)                \addtolength{\topmargin}{-0.49998pt}.

[103]


Package fancyhdr Warning: \headheight is too small (14.0pt): 
(fancyhdr)                Make it at least 14.49998pt, for example:
(fancyhdr)                \setlength{\headheight}{14.49998pt}.
(fancyhdr)                You might also make \topmargin smaller:
(fancyhdr)                \addtolength{\topmargin}{-0.49998pt}.

[104]
Underfull \vbox (badness 10000) has occurred while \output is active []




Package fancyhdr Warning: \headheight is too small (14.0pt): 
(fancyhdr)                Make it at least 14.49998pt, for example:
(fancyhdr)                \setlength{\headheight}{14.49998pt}.
(fancyhdr)                You might also make \topmargin smaller:
(fancyhdr)                \addtolength{\topmargin}{-0.49998pt}.

[105])


Package fancyhdr Warning: \headheight is too small (14.0pt): 
(fancyhdr)                Make it at least 14.49998pt, for example:
(fancyhdr)                \setlength{\headheight}{14.49998pt}.
(fancyhdr)                You might also make \topmargin smaller:
(fancyhdr)                \addtolength{\topmargin}{-0.49998pt}.

[106]
\openout2 = `ch5/ch5.aux'.

 (./ch5/ch5.tex
Chapter 5.

Overfull \hbox (2.58522pt too wide) in paragraph at lines 7--14
\TU/Arial(0)/m/sc/12 Chapter []2[] established the theoretical foundations for 
this thesis, introducing graphs
 []


LaTeX Warning: Citation 'salimans2016improved' on page 107 undefined on input l
ine 30.


LaTeX Warning: Citation 'heusel2017gans' on page 107 undefined on input line 31
.


LaTeX Warning: Citation 'gretton2012kernel' on page 107 undefined on input line
 33.


LaTeX Warning: Citation 'binkowski2018demystifying' on page 107 undefined on in
put line 33.


LaTeX Warning: Citation 'barratt2018note' on page 107 undefined on input line 3
9.


LaTeX Warning: Citation 'chong2020effectively' on page 107 undefined on input l
ine 39.


LaTeX Warning: Citation 'parmar2022aliased' on page 107 undefined on input line
 39.


LaTeX Warning: Citation 'jayasumana2024rethinking' on page 107 undefined on inp
ut line 39.


LaTeX Warning: Citation 'betzalel2022study' on page 107 undefined on input line
 39.


Overfull \hbox (30.22984pt too wide) in paragraph at lines 29--43
\TU/Arial(0)/m/sc/12 pipelines, and the particular feature extractor used to em
bed samples ([];
 []


Overfull \hbox (81.57599pt too wide) in paragraph at lines 29--43
[]\TU/Arial(0)/m/sc/12 ; []; []; []).
 []



[107




]

LaTeX Warning: Citation 'sajjadi2018assessing' on page 108 undefined on input l
ine 46.


LaTeX Warning: Citation 'kynkaanniemi2019improved' on page 108 undefined on inp
ut line 46.


LaTeX Warning: Citation 'naeem2020reliable' on page 108 undefined on input line
 47.


LaTeX Warning: Citation 'shmelkov2018good' on page 108 undefined on input line 
51.


LaTeX Warning: Citation 'hyland2017real' on page 108 undefined on input line 53
.


LaTeX Warning: Citation 'esteban2017real' on page 108 undefined on input line 5
3.


LaTeX Warning: Citation 'yoon2019timegan' on page 108 undefined on input line 5
3.


Overfull \hbox (47.38908pt too wide) in paragraph at lines 44--57
\TU/Arial(0)/m/sc/12 ation summaries. Metrics such as precision–recall for dist
ributions ([];
 []


Overfull \hbox (15.00748pt too wide) in paragraph at lines 44--57
[]\TU/Arial(0)/m/sc/12 ) and density–coverage ([]) attempt
 []


Overfull \hbox (5.22571pt too wide) in paragraph at lines 44--57
\TU/Arial(0)/m/sc/12 test-on-real (TSTR) ([]; []; []) eval-
 []


LaTeX Warning: Citation 'bhattacharjee2023data' on page 108 undefined on input 
line 61.


LaTeX Warning: Citation 'carlini2023extracting' on page 108 undefined on input 
line 63.


LaTeX Warning: Citation 'hayes2019logan' on page 108 undefined on input line 63
.


LaTeX Warning: Citation 'chen2020ganleaks' on page 108 undefined on input line 
63.


Overfull \hbox (76.92947pt too wide) in paragraph at lines 58--65
\TU/Arial(0)/m/sc/12 tional information and potentially exposing sensitive trai
ning examples ([]).
 []

File: images/rankgen/metrics.png Graphic file (type bmp)
<images/rankgen/metrics.png>



Package fancyhdr Warning: \headheight is too small (14.0pt): 
(fancyhdr)                Make it at least 14.49998pt, for example:
(fancyhdr)                \setlength{\headheight}{14.49998pt}.
(fancyhdr)                You might also make \topmargin smaller:
(fancyhdr)                \addtolength{\topmargin}{-0.49998pt}.

[108]

LaTeX Warning: Citation 'salimans2016improved' on page 109 undefined on input l
ine 93.


LaTeX Warning: Citation 'heusel2017gans' on page 109 undefined on input line 94
.


LaTeX Warning: Citation 'gretton2012kernel' on page 109 undefined on input line
 96.


LaTeX Warning: Citation 'binkowski2018demystifying' on page 109 undefined on in
put line 96.


Overfull \hbox (4.93874pt too wide) in paragraph at lines 92--99
\TU/Arial(0)/m/sc/12 tance (FID) ([]), or kernel-based distances such as Maximu
m Mean
 []


Overfull \hbox (15.03352pt too wide) in paragraph at lines 92--99
[]\TU/Arial(0)/m/sc/12 ). These metrics are widely used because they provide
 []


LaTeX Warning: Citation 'barratt2018note' on page 109 undefined on input line 1
03.


LaTeX Warning: Citation 'chong2020effectively' on page 109 undefined on input l
ine 103.


LaTeX Warning: Citation 'parmar2022aliased' on page 109 undefined on input line
 103.


LaTeX Warning: Citation 'betzalel2022study' on page 109 undefined on input line
 103.


Overfull \hbox (21.80695pt too wide) in paragraph at lines 100--108
\TU/Arial(0)/m/sc/12 ([]; []; []; []).
 []




Package fancyhdr Warning: \headheight is too small (14.0pt): 
(fancyhdr)                Make it at least 14.49998pt, for example:
(fancyhdr)                \setlength{\headheight}{14.49998pt}.
(fancyhdr)                You might also make \topmargin smaller:
(fancyhdr)                \addtolength{\topmargin}{-0.49998pt}.

[109]

LaTeX Warning: Citation 'sajjadi2018assessing' on page 110 undefined on input l
ine 112.


LaTeX Warning: Citation 'kynkaanniemi2019improved' on page 110 undefined on inp
ut line 112.


LaTeX Warning: Citation 'naeem2020reliable' on page 110 undefined on input line
 113.


Overfull \hbox (117.72041pt too wide) in paragraph at lines 109--115
\TU/Arial(0)/m/sc/12 amples include precision–recall for distributions ([]; [])

 []


LaTeX Warning: Citation 'shmelkov2018good' on page 110 undefined on input line 
124.


LaTeX Warning: Citation 'hyland2017real' on page 110 undefined on input line 12
6.


LaTeX Warning: Citation 'esteban2017real' on page 110 undefined on input line 1
26.


LaTeX Warning: Citation 'yoon2019timegan' on page 110 undefined on input line 1
26.


Overfull \hbox (12.55579pt too wide) in paragraph at lines 123--130
\TU/Arial(0)/m/sc/12 test-on-real (TSTR) ([]; []; []) meas-
 []


Overfull \hbox (21.51985pt too wide) in paragraph at lines 131--137
\TU/Arial(0)/m/sc/12 uncertainty quantification. Differences between models may
 therefore reflect sampling
 []


LaTeX Warning: Citation 'bhattacharjee2023data' on page 110 undefined on input 
line 144.


LaTeX Warning: Citation 'carlini2023extracting' on page 110 undefined on input 
line 144.


LaTeX Warning: Citation 'hayes2019logan' on page 110 undefined on input line 14
4.


LaTeX Warning: Citation 'chen2020ganleaks' on page 110 undefined on input line 
144.


Overfull \hbox (101.15997pt too wide) in paragraph at lines 138--146
\TU/Arial(0)/m/sc/12 generator ([]; []; []; []).
 []


Overfull \hbox (23.20427pt too wide) in paragraph at lines 147--152
\TU/Arial(0)/m/sc/12 are simple but brittle, distributional diagnostics are mor
e informative but representation-
 []




Package fancyhdr Warning: \headheight is too small (14.0pt): 
(fancyhdr)                Make it at least 14.49998pt, for example:
(fancyhdr)                \setlength{\headheight}{14.49998pt}.
(fancyhdr)                You might also make \topmargin smaller:
(fancyhdr)                \addtolength{\topmargin}{-0.49998pt}.

[110]
Overfull \hbox (7.39183pt too wide) in paragraph at lines 179--192
\TU/Arial(0)/m/sc/12 tion []5.5[] presents the RankGen methodology, including t
he data preparation pipeline,
 []


Underfull \vbox (badness 6157) has occurred while \output is active []




Package fancyhdr Warning: \headheight is too small (14.0pt): 
(fancyhdr)                Make it at least 14.49998pt, for example:
(fancyhdr)                \setlength{\headheight}{14.49998pt}.
(fancyhdr)                You might also make \topmargin smaller:
(fancyhdr)                \addtolength{\topmargin}{-0.49998pt}.

[111]
Underfull \vbox (badness 10000) has occurred while \output is active []




Package fancyhdr Warning: \headheight is too small (14.0pt): 
(fancyhdr)                Make it at least 14.49998pt, for example:
(fancyhdr)                \setlength{\headheight}{14.49998pt}.
(fancyhdr)                You might also make \topmargin smaller:
(fancyhdr)                \addtolength{\topmargin}{-0.49998pt}.

[112]
Overfull \hbox (9.1389pt too wide) in paragraph at lines 248--256
[]\TU/Arial(0)/m/sc/12 Evaluating generative models requires balancing \TU/Aria
l(0)/m/it/12 reliability \TU/Arial(0)/m/sc/12 and \TU/Arial(0)/m/it/12 resoluti
on\TU/Arial(0)/m/sc/12 . Rank-
 []

File: images/rankgen/pipeline_final.png Graphic file (type bmp)
<images/rankgen/pipeline_final.png>

Overfull \hbox (73.35455pt too wide) in paragraph at lines 297--306
[]  [] 
 []




Package fancyhdr Warning: \headheight is too small (14.0pt): 
(fancyhdr)                Make it at least 14.49998pt, for example:
(fancyhdr)                \setlength{\headheight}{14.49998pt}.
(fancyhdr)                You might also make \topmargin smaller:
(fancyhdr)                \addtolength{\topmargin}{-0.49998pt}.

[113]


Package fancyhdr Warning: \headheight is too small (14.0pt): 
(fancyhdr)                Make it at least 14.49998pt, for example:
(fancyhdr)                \setlength{\headheight}{14.49998pt}.
(fancyhdr)                You might also make \topmargin smaller:
(fancyhdr)                \addtolength{\topmargin}{-0.49998pt}.

[114]
Overfull \hbox (5.15816pt too wide) in paragraph at lines 360--361
\TU/Arial(0)/m/sc/12 We propose 4 key metrics: Quality, Utility, Indistinguisha
bility, and Similarity defined
 []




Package fancyhdr Warning: \headheight is too small (14.0pt): 
(fancyhdr)                Make it at least 14.49998pt, for example:
(fancyhdr)                \setlength{\headheight}{14.49998pt}.
(fancyhdr)                You might also make \topmargin smaller:
(fancyhdr)                \addtolength{\topmargin}{-0.49998pt}.

[115]

LaTeX Warning: Reference `app:theory-quality' on page 116 undefined on input li
ne 408.


Overfull \hbox (26.6012pt too wide) in paragraph at lines 401--409
 []\TU/Arial(0)/b/n/12 generalisation bound.[] \TU/Arial(0)/m/sc/12 Using the P
AC-learning preliminaries introduced in Chapter []2[],
 []


Underfull \vbox (badness 10000) has occurred while \output is active []




Package fancyhdr Warning: \headheight is too small (14.0pt): 
(fancyhdr)                Make it at least 14.49998pt, for example:
(fancyhdr)                \setlength{\headheight}{14.49998pt}.
(fancyhdr)                You might also make \topmargin smaller:
(fancyhdr)                \addtolength{\topmargin}{-0.49998pt}.

[116]

LaTeX Warning: Reference `app:theory-utility' on page 117 undefined on input li
ne 466.


LaTeX Warning: Reference `app:theory-utility' on page 117 undefined on input li
ne 486.




Package fancyhdr Warning: \headheight is too small (14.0pt): 
(fancyhdr)                Make it at least 14.49998pt, for example:
(fancyhdr)                \setlength{\headheight}{14.49998pt}.
(fancyhdr)                You might also make \topmargin smaller:
(fancyhdr)                \addtolength{\topmargin}{-0.49998pt}.

[117]

LaTeX Warning: Reference `app:theory-indistinguishability' on page 118 undefine
d on input line 518.


Overfull \hbox (13.25124pt too wide) in paragraph at lines 521--528
\TU/Arial(0)/m/sc/12 are difficult to distinguish from real ones, suggesting st
rong global alignment between
 []




Package fancyhdr Warning: \headheight is too small (14.0pt): 
(fancyhdr)                Make it at least 14.49998pt, for example:
(fancyhdr)                \setlength{\headheight}{14.49998pt}.
(fancyhdr)                You might also make \topmargin smaller:
(fancyhdr)                \addtolength{\topmargin}{-0.49998pt}.

[118]
Overfull \hbox (7.59549pt too wide) in paragraph at lines 547--554
 []\TU/Arial(0)/b/n/12 Definition.[] \TU/Arial(0)/m/sc/12 Similarity measures \
TU/Arial(0)/m/it/12 local mixing \TU/Arial(0)/m/sc/12 between real and generate
d samples.
 []


LaTeX Warning: Reference `app:theory-similarity' on page 119 undefined on input
 line 581.




Package fancyhdr Warning: \headheight is too small (14.0pt): 
(fancyhdr)                Make it at least 14.49998pt, for example:
(fancyhdr)                \setlength{\headheight}{14.49998pt}.
(fancyhdr)                You might also make \topmargin smaller:
(fancyhdr)                \addtolength{\topmargin}{-0.49998pt}.

[119]
Overfull \hbox (1.31712pt too wide) in paragraph at lines 634--637
\TU/Arial(0)/m/sc/12 This definition ensures that strong performance along one 
axis cannot compensate
 []




Package fancyhdr Warning: \headheight is too small (14.0pt): 
(fancyhdr)                Make it at least 14.49998pt, for example:
(fancyhdr)                \setlength{\headheight}{14.49998pt}.
(fancyhdr)                You might also make \topmargin smaller:
(fancyhdr)                \addtolength{\topmargin}{-0.49998pt}.

[120]

LaTeX Warning: Reference `app:theory-exchangeability' on page 121 undefined on 
input line 657.


Underfull \vbox (badness 2213) has occurred while \output is active []




Package fancyhdr Warning: \headheight is too small (14.0pt): 
(fancyhdr)                Make it at least 14.49998pt, for example:
(fancyhdr)                \setlength{\headheight}{14.49998pt}.
(fancyhdr)                You might also make \topmargin smaller:
(fancyhdr)                \addtolength{\topmargin}{-0.49998pt}.

[121]

LaTeX Warning: Citation 'wan2016estimatingsamplemeanstandard' on page 122 undef
ined on input line 706.


LaTeX Warning: Reference `app:theory' on page 122 undefined on input line 728.


LaTeX Warning: Reference `tab:notation-glossary' on page 122 undefined on input
 line 729.


LaTeX Warning: Reference `app:theory-quality' on page 122 undefined on input li
ne 730.


LaTeX Warning: Reference `app:theory-exchangeability' on page 122 undefined on 
input line 730.


Overfull \hbox (6.53091pt too wide) in paragraph at lines 735--772
\TU/Arial(0)/m/sc/12 metric pair to determine whether the empirical score excee
ds a theoretical threshold
 []




Package fancyhdr Warning: \headheight is too small (14.0pt): 
(fancyhdr)                Make it at least 14.49998pt, for example:
(fancyhdr)                \setlength{\headheight}{14.49998pt}.
(fancyhdr)                You might also make \topmargin smaller:
(fancyhdr)                \addtolength{\topmargin}{-0.49998pt}.

[122]

LaTeX Warning: Reference `appendix:ranking' on page 123 undefined on input line
 779.


LaTeX Warning: Citation 'huang2021tdc' on page 123 undefined on input line 789.



LaTeX Warning: Citation 'lecun1998gradient' on page 123 undefined on input line
 791.


LaTeX Warning: Citation 'xiao2017fashion' on page 123 undefined on input line 7
91.


LaTeX Warning: Citation 'krizhevsky2009learning' on page 123 undefined on input
 line 792.


LaTeX Warning: Reference `appendix:Experiments' on page 123 undefined on input 
line 796.


LaTeX Warning: Reference `app:image-experiments' on page 123 undefined on input
 line 797.




Package fancyhdr Warning: \headheight is too small (14.0pt): 
(fancyhdr)                Make it at least 14.49998pt, for example:
(fancyhdr)                \setlength{\headheight}{14.49998pt}.
(fancyhdr)                You might also make \topmargin smaller:
(fancyhdr)                \addtolength{\topmargin}{-0.49998pt}.

[123]

LaTeX Warning: Reference `appendix:perturbation_descriptions' on page 124 undef
ined on input line 803.


Underfull \vbox (badness 10000) has occurred while \output is active []




Package fancyhdr Warning: \headheight is too small (14.0pt): 
(fancyhdr)                Make it at least 14.49998pt, for example:
(fancyhdr)                \setlength{\headheight}{14.49998pt}.
(fancyhdr)                You might also make \topmargin smaller:
(fancyhdr)                \addtolength{\topmargin}{-0.49998pt}.

[124]

LaTeX Warning: Reference `appendix:Experiments' on page 125 undefined on input 
line 908.


LaTeX Warning: Citation 'spearman1904' on page 125 undefined on input line 912.





Package fancyhdr Warning: \headheight is too small (14.0pt): 
(fancyhdr)                Make it at least 14.49998pt, for example:
(fancyhdr)                \setlength{\headheight}{14.49998pt}.
(fancyhdr)                You might also make \topmargin smaller:
(fancyhdr)                \addtolength{\topmargin}{-0.49998pt}.

[125]
File: images/rankgen/synthetic/size_vs_pos.png Graphic file (type bmp)
<images/rankgen/synthetic/size_vs_pos.png>

Underfull \vbox (badness 5077) has occurred while \output is active []




Package fancyhdr Warning: \headheight is too small (14.0pt): 
(fancyhdr)                Make it at least 14.49998pt, for example:
(fancyhdr)                \setlength{\headheight}{14.49998pt}.
(fancyhdr)                You might also make \topmargin smaller:
(fancyhdr)                \addtolength{\topmargin}{-0.49998pt}.

[126]

LaTeX Warning: Reference `appendix:pr_dc' on page 127 undefined on input line 9
49.


LaTeX Warning: Citation 'kynkaanniemi2019improved' on page 127 undefined on inp
ut line 949.


LaTeX Warning: Citation 'sajjadi2018assessing' on page 127 undefined on input l
ine 950.


LaTeX Warning: Citation 'heusel2017gans' on page 127 undefined on input line 95
1.


LaTeX Warning: Citation 'gretton2012kernel' on page 127 undefined on input line
 952.


LaTeX Warning: Citation 'powers2011f1' on page 127 undefined on input line 953.



Overfull \hbox (102.84348pt too wide) in paragraph at lines 948--955
\TU/Arial(0)/m/sc/12 tributions ([]), FID ([]), MMD (Linear/RBF) ([]),
 []


Overfull \hbox (7.54271pt too wide) in alignment at lines 982--982
 [] [] [] [] [] [] 
 []




Package fancyhdr Warning: \headheight is too small (14.0pt): 
(fancyhdr)                Make it at least 14.49998pt, for example:
(fancyhdr)                \setlength{\headheight}{14.49998pt}.
(fancyhdr)                You might also make \topmargin smaller:
(fancyhdr)                \addtolength{\topmargin}{-0.49998pt}.

[127]
File: images/rankgen/synthetic/radial_plot.png Graphic file (type bmp)
<images/rankgen/synthetic/radial_plot.png>

Underfull \hbox (badness 1077) in paragraph at lines 996--996
[]\TU/Arial(0)/m/sc/10.95 Figure 5.4: |\TU/Arial(0)/b/n/10.95 PCA loadings of R
ankGen metrics under synthetic perturbations.
 []


LaTeX Warning: Citation 'jolliffe2002pca' on page 128 undefined on input line 9
98.


LaTeX Warning: Citation 'abdi2010pca' on page 128 undefined on input line 998.


Underfull \vbox (badness 1259) has occurred while \output is active []




Package fancyhdr Warning: \headheight is too small (14.0pt): 
(fancyhdr)                Make it at least 14.49998pt, for example:
(fancyhdr)                \setlength{\headheight}{14.49998pt}.
(fancyhdr)                You might also make \topmargin smaller:
(fancyhdr)                \addtolength{\topmargin}{-0.49998pt}.

[128]

LaTeX Warning: Citation 'abdi2010pca' on page 129 undefined on input line 1007.



LaTeX Warning: Citation 'lever2017pca' on page 129 undefined on input line 1007
.


Overfull \hbox (25.22849pt too wide) in paragraph at lines 1007--1008
 []\TU/Arial(0)/b/n/12 Interpretation.[] \TU/Arial(0)/m/sc/12 Signs of loadings
 are arbitrary in PCA ([]; []);
 []


Underfull \vbox (badness 1803) has occurred while \output is active []




Package fancyhdr Warning: \headheight is too small (14.0pt): 
(fancyhdr)                Make it at least 14.49998pt, for example:
(fancyhdr)                \setlength{\headheight}{14.49998pt}.
(fancyhdr)                You might also make \topmargin smaller:
(fancyhdr)                \addtolength{\topmargin}{-0.49998pt}.

[129]

LaTeX Warning: Citation 'huang2021tdc' on page 130 undefined on input line 1016
.


LaTeX Warning: Citation 'weininger1988smiles' on page 130 undefined on input li
ne 1016.

File: images/rankgen/real_generators/generators_rank_all_datasets.png Graphic f
ile (type bmp)
<images/rankgen/real_generators/generators_rank_all_datasets.png>

Overfull \hbox (14.83557pt too wide) in paragraph at lines 1016--1022
[]\TU/Arial(0)/m/sc/12 Our datasets are sourced from the \TU/Arial(0)/m/it/12 T
herapeutics Data Commons\TU/Arial(0)/m/sc/12 ([]),
 []


LaTeX Warning: Citation 'ahn2021spanning' on page 130 undefined on input line 1
023.


LaTeX Warning: Citation 'keras2021wgan' on page 130 undefined on input line 102
3.


LaTeX Warning: Citation 'jin2018junction' on page 130 undefined on input line 1
023.


LaTeX Warning: Citation 'c' on page 130 undefined on input line 1023.


LaTeX Warning: Citation 'zang2020moflow' on page 130 undefined on input line 10
23.


LaTeX Warning: Citation 'jo2022score' on page 130 undefined on input line 1023.



LaTeX Warning: Citation 'yan2023swingnn' on page 130 undefined on input line 10
23.


LaTeX Warning: Reference `appendix:molecular_datasets' on page 130 undefined on
 input line 1023.


LaTeX Warning: Reference `appendix:hyperparameters_for_molecular' on page 130 u
ndefined on input line 1023.


Overfull \hbox (39.34085pt too wide) in paragraph at lines 1023--1024
\TU/Arial(0)/m/sc/12 of molecular generative models spanning multiple paradigms
. \TU/Arial(0)/b/n/12 STGG\TU/Arial(0)/m/sc/12 ([])
 []


Overfull \hbox (0.27591pt too wide) in paragraph at lines 1023--1024
\TU/Arial(0)/b/n/12 GP with R-GCN\TU/Arial(0)/m/sc/12 ([]) applies adversarial 
training to graph-structured
 []


Overfull \hbox (7.12402pt too wide) in paragraph at lines 1023--1024
\TU/Arial(0)/m/sc/12 differential equations; and \TU/Arial(0)/b/n/12 SWINGNN\TU
/Arial(0)/m/sc/12 ([]) is a graph diffusion model
 []




Package fancyhdr Warning: \headheight is too small (14.0pt): 
(fancyhdr)                Make it at least 14.49998pt, for example:
(fancyhdr)                \setlength{\headheight}{14.49998pt}.
(fancyhdr)                You might also make \topmargin smaller:
(fancyhdr)                \addtolength{\topmargin}{-0.49998pt}.

[130]

LaTeX Warning: Citation 'rdkit2011' on page 131 undefined on input line 1026.


LaTeX Warning: Citation 'xu2019powerful' on page 131 undefined on input line 10
26.


LaTeX Warning: Citation 'you2020graph' on page 131 undefined on input line 1026
.


LaTeX Warning: Citation 'sun2019infograph' on page 131 undefined on input line 
1026.


LaTeX Warning: Citation 'costa2010fast' on page 131 undefined on input line 102
6.


Overfull \hbox (51.47777pt too wide) in paragraph at lines 1025--1027
\TU/Arial(0)/m/sc/12 graph embeddings from models such as \TU/Arial(0)/b/n/12 G
IN\TU/Arial(0)/m/sc/12 ([]), \TU/Arial(0)/b/n/12 GraphCL\TU/Arial(0)/m/sc/12 ([
]),
 []


Overfull \hbox (104.3308pt too wide) in paragraph at lines 1025--1027
\TU/Arial(0)/m/sc/12 and \TU/Arial(0)/b/n/12 InfoGraph\TU/Arial(0)/m/sc/12 ([])
; and (3) discrete graph kernels, notably \TU/Arial(0)/b/n/12 NSPDK \TU/Arial(0
)/m/sc/12 ([]).
 []


LaTeX Warning: Reference `fig:rank_herg_karim' on page 131 undefined on input l
ine 1028.


Overfull \hbox (0.65111pt too wide) in paragraph at lines 1033--1033
[]\TU/Arial(0)/b/n/14.4 Image Benchmarks: MNIST, Fashion–MNIST, and CIFAR–
 []

File: images/rankgen/real_generators/rank_images.png Graphic file (type bmp)
<images/rankgen/real_generators/rank_images.png>

Underfull \vbox (badness 10000) has occurred while \output is active []




Package fancyhdr Warning: \headheight is too small (14.0pt): 
(fancyhdr)                Make it at least 14.49998pt, for example:
(fancyhdr)                \setlength{\headheight}{14.49998pt}.
(fancyhdr)                You might also make \topmargin smaller:
(fancyhdr)                \addtolength{\topmargin}{-0.49998pt}.

[131]

LaTeX Warning: Citation 'lecun1998gradient' on page 132 undefined on input line
 1042.


LaTeX Warning: Citation 'xiao2017fashion' on page 132 undefined on input line 1
043.


LaTeX Warning: Citation 'krizhevsky2009learning' on page 132 undefined on input
 line 1043.


LaTeX Warning: Reference `app:image-experiments' on page 132 undefined on input
 line 1044.


LaTeX Warning: Citation 'kingma2014auto' on page 132 undefined on input line 10
46.


LaTeX Warning: Citation 'rezende2014stochastic' on page 132 undefined on input 
line 1046.


LaTeX Warning: Citation 'radford2016unsupervised' on page 132 undefined on inpu
t line 1047.


LaTeX Warning: Citation 'gulrajani2017improved' on page 132 undefined on input 
line 1047.


LaTeX Warning: Citation 'miyato2018cgans' on page 132 undefined on input line 1
047.


LaTeX Warning: Citation 'karras2020analyzing' on page 132 undefined on input li
ne 1047.


LaTeX Warning: Citation 'ho2020denoising' on page 132 undefined on input line 1
048.


LaTeX Warning: Citation 'ronneberger2015u' on page 132 undefined on input line 
1048.


LaTeX Warning: Citation 'ho2022classifier' on page 132 undefined on input line 
1048.


LaTeX Warning: Citation 'peebles2023di' on page 132 undefined on input line 104
8.


LaTeX Warning: Citation 'von-platen-etal-2022-diffusers' on page 132 undefined 
on input line 1048.


LaTeX Warning: Reference `app:image-models' on page 132 undefined on input line
 1048.


Overfull \hbox (28.56389pt too wide) in paragraph at lines 1042--1049
\TU/Arial(0)/m/sc/12 multiple paradigms. \TU/Arial(0)/b/n/12 VAEs: \TU/Arial(0)
/m/sc/12 MLP-VAE, Conv-VAE, and ResNet-VAE ([];
 []


Overfull \hbox (5.96188pt too wide) in paragraph at lines 1042--1049
[]\TU/Arial(0)/m/sc/12 ). \TU/Arial(0)/b/n/12 GANs: \TU/Arial(0)/m/sc/12 DCGAN 
([]), WGAN–
 []




Package fancyhdr Warning: \headheight is too small (14.0pt): 
(fancyhdr)                Make it at least 14.49998pt, for example:
(fancyhdr)                \setlength{\headheight}{14.49998pt}.
(fancyhdr)                You might also make \topmargin smaller:
(fancyhdr)                \addtolength{\topmargin}{-0.49998pt}.

[132]

LaTeX Warning: Reference `app:image-results' on page 133 undefined on input lin
e 1069.


LaTeX Warning: Reference `fig:cifar10_generated_panel' on page 133 undefined on
 input line 1070.


LaTeX Warning: Reference `fig:fashionmnist_generated_panel' on page 133 undefin
ed on input line 1070.


LaTeX Warning: Reference `fig:mnist_generated_panel' on page 133 undefined on i
nput line 1070.


LaTeX Warning: Reference `appendix:example' on page 133 undefined on input line
 1071.


LaTeX Warning: Reference `tab:vals-ranks-cifar10' on page 133 undefined on inpu
t line 1073.


LaTeX Warning: Reference `tab:ke-mnist-ranked' on page 133 undefined on input l
ine 1073.


Overfull \hbox (1.00076pt too wide) in paragraph at lines 1068--1075
\TU/Arial(0)/m/sc/12 agreement in well-behaved regimes (e.g., diffusion models 
ranking highest), along-
 []


LaTeX Warning: Reference `app:image-results' on page 133 undefined on input lin
e 1084.




Package fancyhdr Warning: \headheight is too small (14.0pt): 
(fancyhdr)                Make it at least 14.49998pt, for example:
(fancyhdr)                \setlength{\headheight}{14.49998pt}.
(fancyhdr)                You might also make \topmargin smaller:
(fancyhdr)                \addtolength{\topmargin}{-0.49998pt}.

[133]

LaTeX Warning: Citation 'heusel2017gans' on page 134 undefined on input line 10
87.


LaTeX Warning: Citation 'binkowski2018demystifying' on page 134 undefined on in
put line 1087.


LaTeX Warning: Citation 'sajjadi2018assessing' on page 134 undefined on input l
ine 1089.


LaTeX Warning: Citation 'kynkaanniemi2019improved' on page 134 undefined on inp
ut line 1089.


LaTeX Warning: Citation 'salimans2016improved' on page 134 undefined on input l
ine 1090.


LaTeX Warning: Reference `tab:cifar10-ranked' on page 134 undefined on input li
ne 1097.


LaTeX Warning: Reference `tab:mnist-ranked' on page 134 undefined on input line
 1097.


Overfull \hbox (118.59105pt too wide) in paragraph at lines 1087--1098
 []\TU/Arial(0)/b/n/12 Conventional image metrics.[] \TU/Arial(0)/m/sc/12 We re
port FID ([]), KID ([]),
 []


Overfull \hbox (41.03687pt too wide) in paragraph at lines 1087--1098
\TU/Arial(0)/m/sc/12 precision/recall for distributions and their harmonic mean
 (\TU/Arial(0)/b/n/12 F1_pr\TU/Arial(0)/m/sc/12 ) ([];
 []


Overfull \hbox (13.08324pt too wide) in paragraph at lines 1087--1098
[]\TU/Arial(0)/m/sc/12 ), and Inception Score (IS) ([]),
 []


LaTeX Warning: Citation 'friedman2023vendi' on page 134 undefined on input line
 1103.


LaTeX Warning: Citation 'pasarkar2024cousins' on page 134 undefined on input li
ne 1103.


LaTeX Warning: Citation 'jalali2024fkea' on page 134 undefined on input line 11
03.


LaTeX Warning: Citation 'luo2024converge' on page 134 undefined on input line 1
103.


LaTeX Warning: Reference `tab:ke-cifar10-ranked' on page 134 undefined on input
 line 1105.


LaTeX Warning: Reference `tab:ke-mnist-ranked' on page 134 undefined on input l
ine 1105.


Overfull \hbox (6.193pt too wide) in paragraph at lines 1100--1112
 []\TU/Arial(0)/b/n/12 Kernel–entropy diversity proxies.[] \TU/Arial(0)/m/sc/12
 To complement embedding-based distances,
 []




Package fancyhdr Warning: \headheight is too small (14.0pt): 
(fancyhdr)                Make it at least 14.49998pt, for example:
(fancyhdr)                \setlength{\headheight}{14.49998pt}.
(fancyhdr)                You might also make \topmargin smaller:
(fancyhdr)                \addtolength{\topmargin}{-0.49998pt}.

[134]
Overfull \hbox (2.3908pt too wide) in paragraph at lines 1135--1141
\TU/Arial(0)/m/sc/12 mentary: conventional metrics provide broad distributional
 summaries, while Rank-
 []

File: images/rankgen/real_generators/rank_corr_3panel.png Graphic file (type bm
p)
<images/rankgen/real_generators/rank_corr_3panel.png>

LaTeX Warning: Citation 'zhang2015character' on page 135 undefined on input lin
e 1157.


LaTeX Warning: Citation 'radford2019language' on page 135 undefined on input li
ne 1157.


Overfull \hbox (64.03479pt too wide) in paragraph at lines 1157--1158
\TU/Arial(0)/m/sc/12 evaluate it on open-domain text generation using the AG-Ne
ws corpus ([]),
 []


LaTeX Warning: Citation 'wang2020minilm' on page 135 undefined on input line 11
59.




Package fancyhdr Warning: \headheight is too small (14.0pt): 
(fancyhdr)                Make it at least 14.49998pt, for example:
(fancyhdr)                \setlength{\headheight}{14.49998pt}.
(fancyhdr)                You might also make \topmargin smaller:
(fancyhdr)                \addtolength{\topmargin}{-0.49998pt}.

[135]


Package fancyhdr Warning: \headheight is too small (14.0pt): 
(fancyhdr)                Make it at least 14.49998pt, for example:
(fancyhdr)                \setlength{\headheight}{14.49998pt}.
(fancyhdr)                You might also make \topmargin smaller:
(fancyhdr)                \addtolength{\topmargin}{-0.49998pt}.

[136])


Package fancyhdr Warning: \headheight is too small (14.0pt): 
(fancyhdr)                Make it at least 14.49998pt, for example:
(fancyhdr)                \setlength{\headheight}{14.49998pt}.
(fancyhdr)                You might also make \topmargin smaller:
(fancyhdr)                \addtolength{\topmargin}{-0.49998pt}.

[137]
\openout2 = `ch8/summaryconclusion.aux'.

 (./ch8/summaryconclusion.tex


Package fancyhdr Warning: \headheight is too small (14.0pt): 
(fancyhdr)                Make it at least 14.49998pt, for example:
(fancyhdr)                \setlength{\headheight}{14.49998pt}.
(fancyhdr)                You might also make \topmargin smaller:
(fancyhdr)                \addtolength{\topmargin}{-0.49998pt}.

[138




]
Chapter 6.

Overfull \hbox (5.2325pt too wide) in paragraph at lines 7--16
\TU/Arial(0)/m/sc/12 This thesis developed methods for representing, generating
, and evaluating graphs.
 []



[139]
Overfull \hbox (4.9606pt too wide) in paragraph at lines 69--77
[]\TU/Arial(0)/m/sc/12 RankGen combines these probes with PAC-style finite-samp
le reliability bounds
 []


Overfull \hbox (2.15276pt too wide) in paragraph at lines 83--89
\TU/Arial(0)/m/sc/12 formance, favourable sample efficiency, and clearer interp
retability. NSPPK shows
 []




Package fancyhdr Warning: \headheight is too small (14.0pt): 
(fancyhdr)                Make it at least 14.49998pt, for example:
(fancyhdr)                \setlength{\headheight}{14.49998pt}.
(fancyhdr)                You might also make \topmargin smaller:
(fancyhdr)                \addtolength{\topmargin}{-0.49998pt}.

[140]


Package fancyhdr Warning: \headheight is too small (14.0pt): 
(fancyhdr)                Make it at least 14.49998pt, for example:
(fancyhdr)                \setlength{\headheight}{14.49998pt}.
(fancyhdr)                You might also make \topmargin smaller:
(fancyhdr)                \addtolength{\topmargin}{-0.49998pt}.

[141]
Overfull \hbox (11.20436pt too wide) in paragraph at lines 148--155
\TU/Arial(0)/m/sc/12 probes, where predictive accuracy and real-versus-generate
d discrimination provide
 []




Package fancyhdr Warning: \headheight is too small (14.0pt): 
(fancyhdr)                Make it at least 14.49998pt, for example:
(fancyhdr)                \setlength{\headheight}{14.49998pt}.
(fancyhdr)                You might also make \topmargin smaller:
(fancyhdr)                \addtolength{\topmargin}{-0.49998pt}.

[142]
Overfull \hbox (0.81673pt too wide) in paragraph at lines 189--199
[]\TU/Arial(0)/b/n/12 Richer condition preservation metrics. \TU/Arial(0)/m/sc/
12 Conditional graph generation should
 []


Underfull \vbox (badness 1360) has occurred while \output is active []




Package fancyhdr Warning: \headheight is too small (14.0pt): 
(fancyhdr)                Make it at least 14.49998pt, for example:
(fancyhdr)                \setlength{\headheight}{14.49998pt}.
(fancyhdr)                You might also make \topmargin smaller:
(fancyhdr)                \addtolength{\topmargin}{-0.49998pt}.

[143])


Package fancyhdr Warning: \headheight is too small (14.0pt): 
(fancyhdr)                Make it at least 14.49998pt, for example:
(fancyhdr)                \setlength{\headheight}{14.49998pt}.
(fancyhdr)                You might also make \topmargin smaller:
(fancyhdr)                \addtolength{\topmargin}{-0.49998pt}.

[144]

LaTeX Warning: Empty bibliography on input line 341.

\openout2 = `appendices/app_ch3.aux'.

(./appendices/app_ch3.tex
Appendix A.

Package hyperref Warning: Token not allowed in a PDF string (Unicode):
(hyperref)                removing `math shift' on input line 19.


Package hyperref Warning: Token not allowed in a PDF string (Unicode):
(hyperref)                removing `math shift' on input line 19.



[145




]

Package hyperref Warning: Token not allowed in a PDF string (Unicode):
(hyperref)                removing `math shift' on input line 53.


Package hyperref Warning: Token not allowed in a PDF string (Unicode):
(hyperref)                removing `math shift' on input line 53.




Package fancyhdr Warning: \headheight is too small (14.0pt): 
(fancyhdr)                Make it at least 14.49998pt, for example:
(fancyhdr)                \setlength{\headheight}{14.49998pt}.
(fancyhdr)                You might also make \topmargin smaller:
(fancyhdr)                \addtolength{\topmargin}{-0.49998pt}.

[146]
Underfull \vbox (badness 10000) has occurred while \output is active []




Package fancyhdr Warning: \headheight is too small (14.0pt): 
(fancyhdr)                Make it at least 14.49998pt, for example:
(fancyhdr)                \setlength{\headheight}{14.49998pt}.
(fancyhdr)                You might also make \topmargin smaller:
(fancyhdr)                \addtolength{\topmargin}{-0.49998pt}.

[147]

LaTeX Warning: Citation 'kersting2016benchmark' on page 148 undefined on input 
line 174.


LaTeX Warning: Citation 'morris2020tudataset' on page 148 undefined on input li
ne 174.


LaTeX Warning: Citation 'nikolentzos2021graph' on page 148 undefined on input l
ine 174.




Package fancyhdr Warning: \headheight is too small (14.0pt): 
(fancyhdr)                Make it at least 14.49998pt, for example:
(fancyhdr)                \setlength{\headheight}{14.49998pt}.
(fancyhdr)                You might also make \topmargin smaller:
(fancyhdr)                \addtolength{\topmargin}{-0.49998pt}.

[148]

LaTeX Warning: Citation 'Dobson2003DistinguishingES' on page 149 undefined on i
nput line 176.


LaTeX Warning: Citation 'Dobson2003DistinguishingES' on page 149 undefined on i
nput line 178.


LaTeX Warning: Citation 'borgwardt2005protein' on page 149 undefined on input l
ine 180.


LaTeX Warning: Citation 'borgwardt2005protein' on page 149 undefined on input l
ine 182.


LaTeX Warning: Citation 'shervashidze2011weisfeiler' on page 149 undefined on i
nput line 184.


LaTeX Warning: Citation 'sutherland2003spline' on page 149 undefined on input l
ine 189.


Overfull \hbox (33.84622pt too wide) in paragraph at lines 188--190
\TU/Arial(0)/m/sc/12 their activity against the dihydrofolate reductase (DHFR) 
enzyme [] 
 []


Underfull \vbox (badness 2932) has occurred while \output is active []




Package fancyhdr Warning: \headheight is too small (14.0pt): 
(fancyhdr)                Make it at least 14.49998pt, for example:
(fancyhdr)                \setlength{\headheight}{14.49998pt}.
(fancyhdr)                You might also make \topmargin smaller:
(fancyhdr)                \addtolength{\topmargin}{-0.49998pt}.

[149]
Overfull \hbox (6.53331pt too wide) in paragraph at lines 282--305
 [][] 
 []


LaTeX Warning: Reference `tab:robustness-hparams' on page 150 undefined on inpu
t line 311.


Underfull \vbox (badness 1661) has occurred while \output is active []




Package fancyhdr Warning: \headheight is too small (14.0pt): 
(fancyhdr)                Make it at least 14.49998pt, for example:
(fancyhdr)                \setlength{\headheight}{14.49998pt}.
(fancyhdr)                You might also make \topmargin smaller:
(fancyhdr)                \addtolength{\topmargin}{-0.49998pt}.

[150]
Underfull \hbox (badness 1270) in paragraph at lines 327--328
\TU/Arial(0)/m/sc/12 ing=sum, epochs=200, lr=0.01, seed=42, ortho-
 []


Underfull \hbox (badness 10000) in paragraph at lines 331--331
[]|\TU/Arial(0)/b/n/12 Propagation
 []

File: images/qm9_plot.png Graphic file (type bmp)
<images/qm9_plot.png>

Underfull \vbox (badness 10000) has occurred while \output is active []




Package fancyhdr Warning: \headheight is too small (14.0pt): 
(fancyhdr)                Make it at least 14.49998pt, for example:
(fancyhdr)                \setlength{\headheight}{14.49998pt}.
(fancyhdr)                You might also make \topmargin smaller:
(fancyhdr)                \addtolength{\topmargin}{-0.49998pt}.

[151]

LaTeX Warning: Reference `fig:nsppk_qm9' on page 152 undefined on input line 35
3.


LaTeX Warning: Citation 'blum2009gdb13' on page 152 undefined on input line 353
.


Overfull \hbox (28.7095pt too wide) in paragraph at lines 353--354
\TU/Arial(0)/m/sc/12 Figure [] illustrates the time required for NSPPK to vecto
rize the QM9 []
 []




Package fancyhdr Warning: \headheight is too small (14.0pt): 
(fancyhdr)                Make it at least 14.49998pt, for example:
(fancyhdr)                \setlength{\headheight}{14.49998pt}.
(fancyhdr)                You might also make \topmargin smaller:
(fancyhdr)                \addtolength{\topmargin}{-0.49998pt}.

[152]

LaTeX Warning: Citation 'kipf2017semi' on page 153 undefined on input line 393.



LaTeX Warning: Citation 'velivckovic2018gat' on page 153 undefined on input lin
e 394.


LaTeX Warning: Citation 'hamilton2017graphsage' on page 153 undefined on input 
line 395.


LaTeX Warning: Citation 'xu2019powerful' on page 153 undefined on input line 39
6.


LaTeX Warning: Citation 'wu2019simplifying' on page 153 undefined on input line
 397.


LaTeX Warning: Citation 'klicpera2019predict' on page 153 undefined on input li
ne 398.


Overfull \hbox (71.2053pt too wide) in paragraph at lines 391--400
\TU/Arial(0)/m/sc/12 network architectures for node classification: GCN ([]), G
AT ([]),
 []


Overfull \hbox (65.88754pt too wide) in paragraph at lines 391--400
\TU/Arial(0)/m/sc/12 GraphSAGE ([]), GIN ([]), SGC ([]),
 []




Package fancyhdr Warning: \headheight is too small (14.0pt): 
(fancyhdr)                Make it at least 14.49998pt, for example:
(fancyhdr)                \setlength{\headheight}{14.49998pt}.
(fancyhdr)                You might also make \topmargin smaller:
(fancyhdr)                \addtolength{\topmargin}{-0.49998pt}.

[153]

LaTeX Warning: Citation 'hu2020ogb' on page 154 undefined on input line 433.

LaTeX Font Info:    Font shape `TU/lmtt/bx/n' in size <17.28> not available
(Font)              Font shape `TU/lmtt/b/n' tried instead on input line 440.

LaTeX Warning: Reference `appendix:task95' on page 154 undefined on input line 
449.




Package fancyhdr Warning: \headheight is too small (14.0pt): 
(fancyhdr)                Make it at least 14.49998pt, for example:
(fancyhdr)                \setlength{\headheight}{14.49998pt}.
(fancyhdr)                You might also make \topmargin smaller:
(fancyhdr)                \addtolength{\topmargin}{-0.49998pt}.

[154]

LaTeX Warning: Reference `fig:appendix_large_experiment' on page 155 undefined 
on input line 452.


LaTeX Warning: Reference `fig:appendix_large_experiment' on page 155 undefined 
on input line 458.

File: images/large_experiment.png Graphic file (type bmp)
<images/large_experiment.png>

Overfull \hbox (1.82236pt too wide) in paragraph at lines 466--466
[]\TU/Arial(0)/b/n/17.28 Implementation Details for Task 95 Experiments 
 []


Underfull \vbox (badness 10000) has occurred while \output is active []




Package fancyhdr Warning: \headheight is too small (14.0pt): 
(fancyhdr)                Make it at least 14.49998pt, for example:
(fancyhdr)                \setlength{\headheight}{14.49998pt}.
(fancyhdr)                You might also make \topmargin smaller:
(fancyhdr)                \addtolength{\topmargin}{-0.49998pt}.

[155]

LaTeX Warning: Reference `tab:nsppk-classifiers' on page 156 undefined on input
 line 482.


Underfull \hbox (badness 3439) in paragraph at lines 493--494
[]|\TU/Arial(0)/m/sc/12 500 trees, depth=5, $\OML/cmm/m/it/12 n[] \OT1/cmr/m/n/
12 = 64$\TU/Arial(0)/m/sc/12 ,
 []


LaTeX Warning: Reference `tab:nn-baselines' on page 156 undefined on input line
 502.


LaTeX Warning: Citation 'corso2020pna' on page 156 undefined on input line 513.



Underfull \hbox (badness 3514) in paragraph at lines 514--514
[]|\TU/Arial(0)/m/sc/12 8 layers, dim 384, batch 64/256,
 []


LaTeX Warning: Citation 'yang2023pdf' on page 156 undefined on input line 514.


LaTeX Warning: Citation 'velivckovic2018gat' on page 156 undefined on input lin
e 515.


Underfull \hbox (badness 10000) in paragraph at lines 516--516
[]|\TU/Arial(0)/m/sc/12 4 layers, dim 64, dropout=0.2,
 []


LaTeX Warning: Citation 'xiong2019attentivefp' on page 156 undefined on input l
ine 516.


LaTeX Warning: Citation 'xu2019powerful' on page 156 undefined on input line 51
7.


LaTeX Warning: Citation 'hu2020ogb' on page 156 undefined on input line 518.


Overfull \hbox (22.44434pt too wide) in paragraph at lines 509--521
 [][] 
 []


Underfull \vbox (badness 10000) has occurred while \output is active []




Package fancyhdr Warning: \headheight is too small (14.0pt): 
(fancyhdr)                Make it at least 14.49998pt, for example:
(fancyhdr)                \setlength{\headheight}{14.49998pt}.
(fancyhdr)                You might also make \topmargin smaller:
(fancyhdr)                \addtolength{\topmargin}{-0.49998pt}.

[156]
File: images/tradeoff_enzymes.png Graphic file (type bmp)
<images/tradeoff_enzymes.png>
File: images/tradeoff_proteins.png Graphic file (type bmp)
<images/tradeoff_proteins.png>
File: images/tradeoff_syntheticnew.png Graphic file (type bmp)
<images/tradeoff_syntheticnew.png>
File: images/tradeoff_dhfr.png Graphic file (type bmp)
<images/tradeoff_dhfr.png>
File: images/tradeoff_bzr.png Graphic file (type bmp)
<images/tradeoff_bzr.png>
File: images/tradeoff_cox2.png Graphic file (type bmp)
<images/tradeoff_cox2.png>
File: images/tradeoff_overall_average.png Graphic file (type bmp)
<images/tradeoff_overall_average.png>

Underfull \vbox (badness 10000) has occurred while \output is active []




Package fancyhdr Warning: \headheight is too small (14.0pt): 
(fancyhdr)                Make it at least 14.49998pt, for example:
(fancyhdr)                \setlength{\headheight}{14.49998pt}.
(fancyhdr)                You might also make \topmargin smaller:
(fancyhdr)                \addtolength{\topmargin}{-0.49998pt}.

[157]

LaTeX Warning: Reference `fig:tradeoff_all' on page 158 undefined on input line
 595.




Package fancyhdr Warning: \headheight is too small (14.0pt): 
(fancyhdr)                Make it at least 14.49998pt, for example:
(fancyhdr)                \setlength{\headheight}{14.49998pt}.
(fancyhdr)                You might also make \topmargin smaller:
(fancyhdr)                \addtolength{\topmargin}{-0.49998pt}.

[158]

LaTeX Warning: Reference `tab:no_attr' on page 159 undefined on input line 608.



LaTeX Warning: Reference `tab:nn_no_attr' on page 159 undefined on input line 6
08.


Overfull \hbox (1.05455pt too wide) in paragraph at lines 688--688
[]\TU/Arial(0)/b/n/17.28 Additional Runtime Results in the No-Attribute
 []


LaTeX Warning: Reference `tab:no_attr_runtime_kernels' on page 159 undefined on
 input line 691.


LaTeX Warning: Reference `tab:no_attr_runtime_nns' on page 159 undefined on inp
ut line 691.




Package fancyhdr Warning: \headheight is too small (14.0pt): 
(fancyhdr)                Make it at least 14.49998pt, for example:
(fancyhdr)                \setlength{\headheight}{14.49998pt}.
(fancyhdr)                You might also make \topmargin smaller:
(fancyhdr)                \addtolength{\topmargin}{-0.49998pt}.

[159])


Package fancyhdr Warning: \headheight is too small (14.0pt): 
(fancyhdr)                Make it at least 14.49998pt, for example:
(fancyhdr)                \setlength{\headheight}{14.49998pt}.
(fancyhdr)                You might also make \topmargin smaller:
(fancyhdr)                \addtolength{\topmargin}{-0.49998pt}.

[160]
\openout2 = `appendices/app_ch4.aux'.

 (./appendices/app_ch4.tex
Appendix B.

Underfull \hbox (badness 10000) in paragraph at lines 36--36
[]|\TU/Arial(0)/m/n/10 Node-label vocabulary size,
 []


Underfull \hbox (badness 2213) in paragraph at lines 36--36
[]|\TU/Arial(0)/m/n/10 Node structural feature dimen-
 []


Underfull \hbox (badness 1783) in paragraph at lines 36--36
[]|\TU/Arial(0)/m/n/10 Condition dimensionality reduc-
 []


Underfull \hbox (badness 6428) in paragraph at lines 36--36
[]|\TU/Arial(0)/m/n/10 Number of retained condition
 []


Underfull \hbox (badness 10000) in paragraph at lines 36--36
[]|\TU/Arial(0)/m/n/10 Prefix dimensions kept unre-
 []


Underfull \hbox (badness 1577) in paragraph at lines 36--36
[]|\TU/Arial(0)/m/n/10 Number of leading condition dimensions kept outside the
 []


Underfull \hbox (badness 10000) in paragraph at lines 36--36
\TU/Arial(0)/m/n/10 dimensionality-reduction transform when some condition
 []


Underfull \hbox (badness 10000) in paragraph at lines 71--71
[]|\TU/Arial(0)/m/n/10 Existence projection during
 []


Underfull \hbox (badness 1577) in paragraph at lines 71--71
[]|\TU/Arial(0)/m/n/10 Projects the generated existence channel to binary node-

 []


Underfull \hbox (badness 10000) in paragraph at lines 71--71
[]|\TU/Arial(0)/m/n/10 Degree projection during
 []


Underfull \hbox (badness 10000) in paragraph at lines 71--71
[]|\TU/Arial(0)/m/n/10 Node-label projection during
 []


Underfull \hbox (badness 10000) in paragraph at lines 71--71
[]|\TU/Arial(0)/m/n/10 Clean-$\OML/cmm/m/it/10 X[]$ \TU/Arial(0)/m/n/10 reconst
ruction loss
 []


Underfull \hbox (badness 10000) in paragraph at lines 71--71
[]|\TU/Arial(0)/m/n/10 Condition-to-$\OML/cmm/m/it/10 X[]$ \TU/Arial(0)/m/n/10 
prior weight,
 []


Underfull \hbox (badness 10000) in paragraph at lines 71--71
[]|\TU/Arial(0)/m/n/10 Node-existence loss weight,
 []


Underfull \hbox (badness 10000) in paragraph at lines 99--99
[]|\TU/Arial(0)/m/n/10 Edge-existence loss weight,
 []


Underfull \hbox (badness 10000) in paragraph at lines 99--99
[]|\TU/Arial(0)/m/n/10 Clean-edge loss weight,
 []


Underfull \hbox (badness 1043) in paragraph at lines 159--159
[]|\TU/Arial(0)/m/n/10 Allows high-order bonds to be downgraded to lower-order
 []



[161




]


Package fancyhdr Warning: \headheight is too small (14.0pt): 
(fancyhdr)                Make it at least 14.49998pt, for example:
(fancyhdr)                \setlength{\headheight}{14.49998pt}.
(fancyhdr)                You might also make \topmargin smaller:
(fancyhdr)                \addtolength{\topmargin}{-0.49998pt}.

[162]


Package fancyhdr Warning: \headheight is too small (14.0pt): 
(fancyhdr)                Make it at least 14.49998pt, for example:
(fancyhdr)                \setlength{\headheight}{14.49998pt}.
(fancyhdr)                You might also make \topmargin smaller:
(fancyhdr)                \addtolength{\topmargin}{-0.49998pt}.

[163]


Package fancyhdr Warning: \headheight is too small (14.0pt): 
(fancyhdr)                Make it at least 14.49998pt, for example:
(fancyhdr)                \setlength{\headheight}{14.49998pt}.
(fancyhdr)                You might also make \topmargin smaller:
(fancyhdr)                \addtolength{\topmargin}{-0.49998pt}.

[164]


Package fancyhdr Warning: \headheight is too small (14.0pt): 
(fancyhdr)                Make it at least 14.49998pt, for example:
(fancyhdr)                \setlength{\headheight}{14.49998pt}.
(fancyhdr)                You might also make \topmargin smaller:
(fancyhdr)                \addtolength{\topmargin}{-0.49998pt}.

[165]
Underfull \hbox (badness 10000) in paragraph at lines 190--190
[]|$\OT1/cmr/m/n/10 3\OML/cmm/m/it/10 ; \OT1/cmr/m/n/10 4\OML/cmm/m/it/10 ; \OT
1/cmr/m/n/10 5\OML/cmm/m/it/10 ; \OT1/cmr/m/n/10 6\OML/cmm/m/it/10 ; \OT1/cmr/m
/n/10 7\OML/cmm/m/it/10 ; \OT1/cmr/m/n/10 8$\TU/Arial(0)/m/n/10 . These form th
e conditional categories
 []


Underfull \hbox (badness 2582) in paragraph at lines 246--246
[]|\TU/Arial(0)/m/n/10 Node-feature dimensionality reduc-
 []


Underfull \hbox (badness 1342) in paragraph at lines 246--246
[]|\TU/Arial(0)/m/n/10 Reverse denoising steps at evalu-
 []


Underfull \hbox (badness 10000) in paragraph at lines 246--246
[]|\TU/Arial(0)/m/n/10 Node-label projection during
 []


LaTeX Warning: Float too large for page by 9.02542pt on input line 249.


LaTeX Warning: Reference `tab:synthetic-cycle-leg-proposed-hyperparameters' on 
page 166 undefined on input line 302.


LaTeX Warning: Reference `tab:synthetic-cycle-leg-proposed-hyperparameters' on 
page 166 undefined on input line 302.


Underfull \hbox (badness 10000) in paragraph at lines 302--302
[]|\TU/Arial(0)/m/sc/12 Disabled to test whether
 []


Underfull \hbox (badness 10000) in paragraph at lines 302--302
\TU/Arial(0)/m/sc/12 the final predicted degree-
 []


Underfull \hbox (badness 10000) in paragraph at lines 302--302
\TU/Arial(0)/m/sc/12 composition projection is
 []


Underfull \hbox (badness 10000) in paragraph at lines 302--302
[]|\TU/Arial(0)/m/sc/12 Disabled to test whether
 []


Underfull \hbox (badness 10000) in paragraph at lines 302--302
\TU/Arial(0)/m/sc/12 the generator can recover
 []


Underfull \hbox (badness 1831) in paragraph at lines 302--302
[]|\TU/Arial(0)/m/sc/12 Enabled as training-time row-
 []


Underfull \hbox (badness 1127) in paragraph at lines 302--302
[]|\TU/Arial(0)/m/sc/12 Disabled to test the effect of
 []


Underfull \hbox (badness 3989) in paragraph at lines 302--302
[]|\TU/Arial(0)/m/sc/12 Node-feature dimensional-
 []


Underfull \hbox (badness 2126) in paragraph at lines 302--302
[]|\TU/Arial(0)/m/sc/12 Disabled to test whether the
 []


Underfull \hbox (badness 10000) in paragraph at lines 302--302
[]|\TU/Arial(0)/m/sc/12 Clean-$\OML/cmm/m/it/12 X[]$ \TU/Arial(0)/m/sc/12 recon
struction
 []


Underfull \hbox (badness 10000) in paragraph at lines 302--302
[]|\TU/Arial(0)/m/sc/12 Consistency loss weight,
 []


Underfull \hbox (badness 10000) in paragraph at lines 302--302
[]|\TU/Arial(0)/m/sc/12 Node-existence loss
 []


Underfull \hbox (badness 2426) in paragraph at lines 302--302
\TU/Arial(0)/m/sc/12 ablation the learned pairwise
 []


Underfull \hbox (badness 7558) in paragraph at lines 302--302
\TU/Arial(0)/m/sc/12 edge-probability head is un-
 []


Underfull \hbox (badness 4886) in paragraph at lines 302--302
\TU/Arial(0)/m/sc/12 available, so decoding uses
 []


Underfull \hbox (badness 10000) in paragraph at lines 302--302
\TU/Arial(0)/m/sc/12 degree-based fallback edge
 []


Underfull \hbox (badness 10000) in paragraph at lines 302--302
[]|\TU/Arial(0)/m/sc/12 Disabled to test whether
 []


Underfull \hbox (badness 10000) in paragraph at lines 302--302
\TU/Arial(0)/m/sc/12 sampling-time node-presence
 []


Underfull \hbox (badness 6910) in paragraph at lines 302--302
[]|\TU/Arial(0)/m/sc/12 Degree projection during
 []


Underfull \hbox (badness 10000) in paragraph at lines 302--302
[]|\TU/Arial(0)/m/sc/12 Disabled to test whether
 []


Underfull \hbox (badness 7168) in paragraph at lines 302--302
\TU/Arial(0)/m/sc/12 sampling-time degree projec-
 []


Underfull \hbox (badness 1983) in paragraph at lines 302--302
[]|\TU/Arial(0)/m/sc/12 Node-label projection dur-
 []


Underfull \hbox (badness 10000) in paragraph at lines 302--302
[]|\TU/Arial(0)/m/sc/12 Disabled to test whether
 []


Underfull \hbox (badness 10000) in paragraph at lines 302--302
\TU/Arial(0)/m/sc/12 sampling-time node-label
 []


Underfull \hbox (badness 2103) in paragraph at lines 302--302
\TU/Arial(0)/m/sc/12 than predicted by categorical
 []


Package fancyhdr Warning: \headheight is too small (14.0pt): 
(fancyhdr)                Make it at least 14.49998pt, for example:
(fancyhdr)                \setlength{\headheight}{14.49998pt}.
(fancyhdr)                You might also make \topmargin smaller:
(fancyhdr)                \addtolength{\topmargin}{-0.49998pt}.

[166]

Package fancyhdr Warning: \headheight is too small (14.0pt): 
(fancyhdr)                Make it at least 14.49998pt, for example:
(fancyhdr)                \setlength{\headheight}{14.49998pt}.
(fancyhdr)                You might also make \topmargin smaller:
(fancyhdr)                \addtolength{\topmargin}{-0.49998pt}.

[167]


Package fancyhdr Warning: \headheight is too small (14.0pt): 
(fancyhdr)                Make it at least 14.49998pt, for example:
(fancyhdr)                \setlength{\headheight}{14.49998pt}.
(fancyhdr)                You might also make \topmargin smaller:
(fancyhdr)                \addtolength{\topmargin}{-0.49998pt}.

[168]


Package fancyhdr Warning: \headheight is too small (14.0pt): 
(fancyhdr)                Make it at least 14.49998pt, for example:
(fancyhdr)                \setlength{\headheight}{14.49998pt}.
(fancyhdr)                You might also make \topmargin smaller:
(fancyhdr)                \addtolength{\topmargin}{-0.49998pt}.

[169]


Package fancyhdr Warning: \headheight is too small (14.0pt): 
(fancyhdr)                Make it at least 14.49998pt, for example:
(fancyhdr)                \setlength{\headheight}{14.49998pt}.
(fancyhdr)                You might also make \topmargin smaller:
(fancyhdr)                \addtolength{\topmargin}{-0.49998pt}.

[170]


Package fancyhdr Warning: \headheight is too small (14.0pt): 
(fancyhdr)                Make it at least 14.49998pt, for example:
(fancyhdr)                \setlength{\headheight}{14.49998pt}.
(fancyhdr)                You might also make \topmargin smaller:
(fancyhdr)                \addtolength{\topmargin}{-0.49998pt}.

[171]


Package fancyhdr Warning: \headheight is too small (14.0pt): 
(fancyhdr)                Make it at least 14.49998pt, for example:
(fancyhdr)                \setlength{\headheight}{14.49998pt}.
(fancyhdr)                You might also make \topmargin smaller:
(fancyhdr)                \addtolength{\topmargin}{-0.49998pt}.

[172]


Package fancyhdr Warning: \headheight is too small (14.0pt): 
(fancyhdr)                Make it at least 14.49998pt, for example:
(fancyhdr)                \setlength{\headheight}{14.49998pt}.
(fancyhdr)                You might also make \topmargin smaller:
(fancyhdr)                \addtolength{\topmargin}{-0.49998pt}.

[173]
Overfull \hbox (1.7858pt too wide) in paragraph at lines 425--425
[]\TU/Arial(0)/b/n/17.28 QM9 Molecular Generation Experiment Settings 
 []


Underfull \hbox (badness 10000) in paragraph at lines 651--651
[]|\TU/Arial(0)/m/sc/12 Noise-prediction loss
 []


Underfull \hbox (badness 10000) in paragraph at lines 651--651
[]|\TU/Arial(0)/m/sc/12 Clean-$\OML/cmm/m/it/12 X[]$ \TU/Arial(0)/m/sc/12 recon
struction
 []


Underfull \hbox (badness 1077) in paragraph at lines 651--651
[]|\TU/Arial(0)/m/sc/12 Noise scaling for discrete
 []


Underfull \hbox (badness 6316) in paragraph at lines 651--651
[]|\TU/Arial(0)/m/sc/12 Three message-passing steps, momentum $\OT1/cmr/m/n/12 
0\OML/cmm/m/it/12 :\OT1/cmr/m/n/12 7$\TU/Arial(0)/m/sc/12 ,
 []


Underfull \hbox (badness 6961) in paragraph at lines 651--651
[]|\TU/Arial(0)/m/sc/12 Dynamic molecular state
 []


Underfull \hbox (badness 10000) in paragraph at lines 651--651
[]|\TU/Arial(0)/m/sc/12 Held-out evaluation
 []


Package fancyhdr Warning: \headheight is too small (14.0pt): 
(fancyhdr)                Make it at least 14.49998pt, for example:
(fancyhdr)                \setlength{\headheight}{14.49998pt}.
(fancyhdr)                You might also make \topmargin smaller:
(fancyhdr)                \addtolength{\topmargin}{-0.49998pt}.

[174

]

Package fancyhdr Warning: \headheight is too small (14.0pt): 
(fancyhdr)                Make it at least 14.49998pt, for example:
(fancyhdr)                \setlength{\headheight}{14.49998pt}.
(fancyhdr)                You might also make \topmargin smaller:
(fancyhdr)                \addtolength{\topmargin}{-0.49998pt}.

[175]
Underfull \hbox (badness 2970) in paragraph at lines 692--692
[]|\TU/Arial(0)/m/n/10 Same standardised [][]NSPPK[]-14/[][]SVD[]-128 condition
 vectors
 []

)


Package fancyhdr Warning: \headheight is too small (14.0pt): 
(fancyhdr)                Make it at least 14.49998pt, for example:
(fancyhdr)                \setlength{\headheight}{14.49998pt}.
(fancyhdr)                You might also make \topmargin smaller:
(fancyhdr)                \addtolength{\topmargin}{-0.49998pt}.

[176]


Package fancyhdr Warning: \headheight is too small (14.0pt): 
(fancyhdr)                Make it at least 14.49998pt, for example:
(fancyhdr)                \setlength{\headheight}{14.49998pt}.
(fancyhdr)                You might also make \topmargin smaller:
(fancyhdr)                \addtolength{\topmargin}{-0.49998pt}.

[177]


Package fancyhdr Warning: \headheight is too small (14.0pt): 
(fancyhdr)                Make it at least 14.49998pt, for example:
(fancyhdr)                \setlength{\headheight}{14.49998pt}.
(fancyhdr)                You might also make \topmargin smaller:
(fancyhdr)                \addtolength{\topmargin}{-0.49998pt}.

[178]
\openout2 = `appendices/app_ch5.aux'.

 (./appendices/app_ch5.tex
Appendix C.

Underfull \vbox (badness 10000) has occurred while \output is active []



[179




]
Overfull \vbox (234.9465pt too high) has occurred while \output is active []




Package fancyhdr Warning: \headheight is too small (14.0pt): 
(fancyhdr)                Make it at least 14.49998pt, for example:
(fancyhdr)                \setlength{\headheight}{14.49998pt}.
(fancyhdr)                You might also make \topmargin smaller:
(fancyhdr)                \addtolength{\topmargin}{-0.49998pt}.

[180]


Package fancyhdr Warning: \headheight is too small (14.0pt): 
(fancyhdr)                Make it at least 14.49998pt, for example:
(fancyhdr)                \setlength{\headheight}{14.49998pt}.
(fancyhdr)                You might also make \topmargin smaller:
(fancyhdr)                \addtolength{\topmargin}{-0.49998pt}.

[181]

LaTeX Warning: Citation 'ben2010theory' on page 182 undefined on input line 158
.


LaTeX Warning: Citation 'blitzer2007biographies' on page 182 undefined on input
 line 158.


LaTeX Warning: Reference `eq:DA' on page 182 undefined on input line 161.




Package fancyhdr Warning: \headheight is too small (14.0pt): 
(fancyhdr)                Make it at least 14.49998pt, for example:
(fancyhdr)                \setlength{\headheight}{14.49998pt}.
(fancyhdr)                You might also make \topmargin smaller:
(fancyhdr)                \addtolength{\topmargin}{-0.49998pt}.

[182]

LaTeX Warning: Citation 'serfling1974' on page 183 undefined on input line 176.



Overfull \hbox (27.10916pt too wide) in paragraph at lines 176--177
\TU/Arial(0)/m/sc/12 so we use Serfling-type concentration bounds for hypergeom
etric draws ([]).
 []




Package fancyhdr Warning: \headheight is too small (14.0pt): 
(fancyhdr)                Make it at least 14.49998pt, for example:
(fancyhdr)                \setlength{\headheight}{14.49998pt}.
(fancyhdr)                You might also make \topmargin smaller:
(fancyhdr)                \addtolength{\topmargin}{-0.49998pt}.

[183]


Package fancyhdr Warning: \headheight is too small (14.0pt): 
(fancyhdr)                Make it at least 14.49998pt, for example:
(fancyhdr)                \setlength{\headheight}{14.49998pt}.
(fancyhdr)                You might also make \topmargin smaller:
(fancyhdr)                \addtolength{\topmargin}{-0.49998pt}.

[184]

LaTeX Warning: Citation 'wan2016estimatingsamplemeanstandard' on page 185 undef
ined on input line 224.


LaTeX Warning: Citation 'ben2010theory' on page 185 undefined on input line 242
.


LaTeX Warning: Citation 'blitzer2007biographies' on page 185 undefined on input
 line 242.




Package fancyhdr Warning: \headheight is too small (14.0pt): 
(fancyhdr)                Make it at least 14.49998pt, for example:
(fancyhdr)                \setlength{\headheight}{14.49998pt}.
(fancyhdr)                You might also make \topmargin smaller:
(fancyhdr)                \addtolength{\topmargin}{-0.49998pt}.

[185]
Underfull \vbox (badness 6412) has occurred while \output is active []




Package fancyhdr Warning: \headheight is too small (14.0pt): 
(fancyhdr)                Make it at least 14.49998pt, for example:
(fancyhdr)                \setlength{\headheight}{14.49998pt}.
(fancyhdr)                You might also make \topmargin smaller:
(fancyhdr)                \addtolength{\topmargin}{-0.49998pt}.

[186]

LaTeX Warning: Citation 'ben2010theory' on page 187 undefined on input line 329
.


LaTeX Warning: Reference `eq:DA-inst' on page 187 undefined on input line 347.


LaTeX Warning: Reference `eq:pop-gap' on page 187 undefined on input line 354.




Package fancyhdr Warning: \headheight is too small (14.0pt): 
(fancyhdr)                Make it at least 14.49998pt, for example:
(fancyhdr)                \setlength{\headheight}{14.49998pt}.
(fancyhdr)                You might also make \topmargin smaller:
(fancyhdr)                \addtolength{\topmargin}{-0.49998pt}.

[187]

LaTeX Warning: Reference `eq:gen-q' on page 188 undefined on input line 395.


LaTeX Warning: Reference `eq:pop-gap-final' on page 188 undefined on input line
 398.


LaTeX Warning: Reference `eq:disc' on page 188 undefined on input line 398.


LaTeX Warning: Reference `eq:emp-gap' on page 188 undefined on input line 409.


Underfull \vbox (badness 10000) has occurred while \output is active []




Package fancyhdr Warning: \headheight is too small (14.0pt): 
(fancyhdr)                Make it at least 14.49998pt, for example:
(fancyhdr)                \setlength{\headheight}{14.49998pt}.
(fancyhdr)                You might also make \topmargin smaller:
(fancyhdr)                \addtolength{\topmargin}{-0.49998pt}.

[188]

LaTeX Warning: Reference `eq:util-final' on page 189 undefined on input line 43
3.


LaTeX Warning: Reference `eq:utility-main' on page 189 undefined on input line 
433.


LaTeX Warning: Reference `eq:emp-gap' on page 189 undefined on input line 433.


Underfull \vbox (badness 10000) has occurred while \output is active []




Package fancyhdr Warning: \headheight is too small (14.0pt): 
(fancyhdr)                Make it at least 14.49998pt, for example:
(fancyhdr)                \setlength{\headheight}{14.49998pt}.
(fancyhdr)                You might also make \topmargin smaller:
(fancyhdr)                \addtolength{\topmargin}{-0.49998pt}.

[189]

LaTeX Warning: Citation 'serfling1974' on page 190 undefined on input line 493.



Underfull \vbox (badness 2626) has occurred while \output is active []




Package fancyhdr Warning: \headheight is too small (14.0pt): 
(fancyhdr)                Make it at least 14.49998pt, for example:
(fancyhdr)                \setlength{\headheight}{14.49998pt}.
(fancyhdr)                You might also make \topmargin smaller:
(fancyhdr)                \addtolength{\topmargin}{-0.49998pt}.

[190]


Package fancyhdr Warning: \headheight is too small (14.0pt): 
(fancyhdr)                Make it at least 14.49998pt, for example:
(fancyhdr)                \setlength{\headheight}{14.49998pt}.
(fancyhdr)                You might also make \topmargin smaller:
(fancyhdr)                \addtolength{\topmargin}{-0.49998pt}.

[191]


Package fancyhdr Warning: \headheight is too small (14.0pt): 
(fancyhdr)                Make it at least 14.49998pt, for example:
(fancyhdr)                \setlength{\headheight}{14.49998pt}.
(fancyhdr)                You might also make \topmargin smaller:
(fancyhdr)                \addtolength{\topmargin}{-0.49998pt}.

[192]
Overfull \hbox (29.40393pt too wide) in alignment at lines 638--652
 [] [] [] [] 
 []


Package longtable Warning: Column widths have changed
(longtable)                in table C.2 on input line 652.


Package fancyhdr Warning: \headheight is too small (14.0pt): 
(fancyhdr)                Make it at least 14.49998pt, for example:
(fancyhdr)                \setlength{\headheight}{14.49998pt}.
(fancyhdr)                You might also make \topmargin smaller:
(fancyhdr)                \addtolength{\topmargin}{-0.49998pt}.

[193]
Overfull \hbox (37.19717pt too wide) in paragraph at lines 671--671
[]|\TU/Arial(0)/m/sc/10.95 KNeighboursClassifier| 
 []


LaTeX Warning: Citation 'xu2019powerful' on page 194 undefined on input line 68
4.




Package fancyhdr Warning: \headheight is too small (14.0pt): 
(fancyhdr)                Make it at least 14.49998pt, for example:
(fancyhdr)                \setlength{\headheight}{14.49998pt}.
(fancyhdr)                You might also make \topmargin smaller:
(fancyhdr)                \addtolength{\topmargin}{-0.49998pt}.

[194]

LaTeX Warning: Citation 'you2020graph' on page 195 undefined on input line 686.



LaTeX Warning: Citation 'sun2019infograph' on page 195 undefined on input line 
688.


LaTeX Warning: Citation 'costa2010fast' on page 195 undefined on input line 692
.


LaTeX Warning: Citation 'rdkit2011' on page 195 undefined on input line 694.


LaTeX Warning: Citation 'rdkit2011' on page 195 undefined on input line 696.


LaTeX Warning: Citation 'rdkit2011' on page 195 undefined on input line 698.


LaTeX Warning: Citation 'rdkit2011' on page 195 undefined on input line 700.


LaTeX Warning: Citation 'huang2021tdc' on page 195 undefined on input line 708.



LaTeX Warning: Citation 'weininger1988smiles' on page 195 undefined on input li
ne 708.




Package fancyhdr Warning: \headheight is too small (14.0pt): 
(fancyhdr)                Make it at least 14.49998pt, for example:
(fancyhdr)                \setlength{\headheight}{14.49998pt}.
(fancyhdr)                You might also make \topmargin smaller:
(fancyhdr)                \addtolength{\topmargin}{-0.49998pt}.

[195]

LaTeX Warning: Citation 'pyg_graphgym_encoder' on page 196 undefined on input l
ine 718.




Package fancyhdr Warning: \headheight is too small (14.0pt): 
(fancyhdr)                Make it at least 14.49998pt, for example:
(fancyhdr)                \setlength{\headheight}{14.49998pt}.
(fancyhdr)                You might also make \topmargin smaller:
(fancyhdr)                \addtolength{\topmargin}{-0.49998pt}.

[196]
Overfull \hbox (34.44547pt too wide) in paragraph at lines 748--760
 [][] 
 []


Overfull \hbox (49.11205pt too wide) in paragraph at lines 791--792
\TU/Arial(0)/m/sc/12 The generated dataset in this study was generated using sc
ikit-learn’s \TU/Arial(0)/b/n/12 make_classification
 []


LaTeX Warning: Citation 'lecun1998gradient' on page 197 undefined on input line
 795.


LaTeX Warning: Citation 'xiao2017fashion' on page 197 undefined on input line 7
96.


LaTeX Warning: Citation 'krizhevsky2009learning' on page 197 undefined on input
 line 796.


LaTeX Warning: Reference `app:image-experiments' on page 197 undefined on input
 line 798.




Package fancyhdr Warning: \headheight is too small (14.0pt): 
(fancyhdr)                Make it at least 14.49998pt, for example:
(fancyhdr)                \setlength{\headheight}{14.49998pt}.
(fancyhdr)                You might also make \topmargin smaller:
(fancyhdr)                \addtolength{\topmargin}{-0.49998pt}.

[197]

LaTeX Warning: Citation 'ahn2021spanning' on page 198 undefined on input line 8
22.


LaTeX Warning: Citation 'keras2021wgan' on page 198 undefined on input line 823
.


LaTeX Warning: Citation 'jin2018junction' on page 198 undefined on input line 8
24.


LaTeX Warning: Citation 'jin2020hiervae' on page 198 undefined on input line 82
5.


LaTeX Warning: Citation 'zang2020moflow' on page 198 undefined on input line 82
6.


LaTeX Warning: Citation 'jo2022score' on page 198 undefined on input line 827.


LaTeX Warning: Citation 'ozcelik2024s4' on page 198 undefined on input line 828
.


LaTeX Warning: Citation 'yan2023swingnn' on page 198 undefined on input line 82
9.


LaTeX Warning: Citation 'ahn2021spanning' on page 198 undefined on input line 8
37.




Package fancyhdr Warning: \headheight is too small (14.0pt): 
(fancyhdr)                Make it at least 14.49998pt, for example:
(fancyhdr)                \setlength{\headheight}{14.49998pt}.
(fancyhdr)                You might also make \topmargin smaller:
(fancyhdr)                \addtolength{\topmargin}{-0.49998pt}.

[198]

LaTeX Warning: Citation 'keras2021wgan' on page 199 undefined on input line 839
.


LaTeX Warning: Citation 'jin2018junction' on page 199 undefined on input line 8
41.


LaTeX Warning: Citation 'jin2020hiervae' on page 199 undefined on input line 84
3.


LaTeX Warning: Citation 'zang2020moflow' on page 199 undefined on input line 84
5.


LaTeX Warning: Citation 'jo2022score' on page 199 undefined on input line 847.


LaTeX Warning: Citation 'ozcelik2024s4' on page 199 undefined on input line 849
.




Package fancyhdr Warning: \headheight is too small (14.0pt): 
(fancyhdr)                Make it at least 14.49998pt, for example:
(fancyhdr)                \setlength{\headheight}{14.49998pt}.
(fancyhdr)                You might also make \topmargin smaller:
(fancyhdr)                \addtolength{\topmargin}{-0.49998pt}.

[199]
Overfull \hbox (9.7776pt too wide) in paragraph at lines 853--854
[]\TU/lmtt/m/n/12 filtered_m\TU/Arial(0)/m/sc/12 : pretrained on a combined dat
aset (ZINC + QM9 + ChEMBL),
 []


LaTeX Warning: Citation 'yan2023swingnn' on page 200 undefined on input line 85
6.


Underfull \vbox (badness 10000) has occurred while \output is active []




Package fancyhdr Warning: \headheight is too small (14.0pt): 
(fancyhdr)                Make it at least 14.49998pt, for example:
(fancyhdr)                \setlength{\headheight}{14.49998pt}.
(fancyhdr)                You might also make \topmargin smaller:
(fancyhdr)                \addtolength{\topmargin}{-0.49998pt}.

[200]
Underfull \vbox (badness 10000) has occurred while \output is active []




Package fancyhdr Warning: \headheight is too small (14.0pt): 
(fancyhdr)                Make it at least 14.49998pt, for example:
(fancyhdr)                \setlength{\headheight}{14.49998pt}.
(fancyhdr)                You might also make \topmargin smaller:
(fancyhdr)                \addtolength{\topmargin}{-0.49998pt}.

[201]


Package fancyhdr Warning: \headheight is too small (14.0pt): 
(fancyhdr)                Make it at least 14.49998pt, for example:
(fancyhdr)                \setlength{\headheight}{14.49998pt}.
(fancyhdr)                You might also make \topmargin smaller:
(fancyhdr)                \addtolength{\topmargin}{-0.49998pt}.

[202]

LaTeX Warning: Citation 'kingma2014auto' on page 203 undefined on input line 10
62.


LaTeX Warning: Citation 'rezende2014stochastic' on page 203 undefined on input 
line 1062.


LaTeX Warning: Citation 'radford2016unsupervised' on page 203 undefined on inpu
t line 1062.


LaTeX Warning: Citation 'gulrajani2017improved' on page 203 undefined on input 
line 1063.


LaTeX Warning: Citation 'miyato2018cgans' on page 203 undefined on input line 1
063.


LaTeX Warning: Citation 'karras2020analyzing' on page 203 undefined on input li
ne 1063.


LaTeX Warning: Citation 'ronneberger2015u' on page 203 undefined on input line 
1064.


LaTeX Warning: Citation 'peebles2023di' on page 203 undefined on input line 106
4.


LaTeX Warning: Citation 'ho2020denoising' on page 203 undefined on input line 1
065.


Underfull \hbox (badness 1496) in paragraph at lines 1062--1066
\TU/Arial(0)/m/sc/12 We evaluate conditional VAEs ([]; []),
 []


Overfull \hbox (31.25621pt too wide) in paragraph at lines 1062--1066
\TU/Arial(0)/m/sc/12 bones ([]) and Transformer2D/DiT-style backbones ([]))
 []


LaTeX Warning: Reference `tab:vae-shared' on page 203 undefined on input line 1
069.


LaTeX Warning: Reference `tab:vae-arch' on page 203 undefined on input line 106
9.

! Missing \endgroup inserted.
<inserted text> 
                \endgroup 
l.1086 \end{tabularx}
                     
I've inserted something that you may have forgotten.
(See the <inserted text> above.)
With luck, this will get me unwedged. But if you
really didn't forget anything, try typing `2' now; then
my insertion and my current dilemma will both disappear.

 
Here is how much of TeX's memory you used:
 50110 strings out of 473832
 1026372 string characters out of 5729481
 2151992 words of memory out of 5000000
 72294 multiletter control sequences out of 15000+600000
 572308 words of font info for 134 fonts, out of 8000000 for 9000
 1348 hyphenation exceptions out of 8191
 86i,19n,117p,2367b,4344s stack positions out of 10000i,1000n,20000p,200000b,200000s
Output written on Thesis.xdv (225 pages, 4325776 bytes).
